[er, ė]	[er̃, ė]	5
[y, iai]	[ý, iai]	1
[uei, u]	[uei, ù]	1
[ir, u, a]	[ìr, u, a]	1
[o, i, ą]	[ò, i, ą]	5
[u, ią]	[u, ią̃]	11
[u, o, ė, o]	[u, o, ė́, o]	2
[ė, i]	[ė̃, i]	15
[au, o, a, a]	[au, ó, a, a]	1
[e, o, a, a]	[e, o, ã, a]	1
[a, a, ei]	[a, a, eĩ]	12
[a, e, ai]	[a, e, aĩ]	1
[u, iam]	[u, iám]	3
[e, i, au, ė]	[e, i, aũ, ė]	1
[e, i, o, ė]	[e, i, o, ė́]	1
[į, iu]	[į̃, iu]	4
[a, e, i, o]	[a, e, ì, o]	2
[ai, a, iu]	[aĩ, a, iu]	2
[ė, iau]	[ė, iaũ]	2
[a, ie, a]	[ã, ie, a]	1
[uo, a, u]	[uo, a, ù]	3
[a, i, a]	[a, i, à]	14
[ai, io, o]	[aĩ, io, o]	1
[į, o, ė]	[į, ó, ė]	1
[am, a]	[am, à]	1
[au, i, ų]	[áu, i, ų]	3
[uo, in, ą]	[uo, ìn, ą]	5
[y, y, ė]	[y, ý, ė]	3
[u, e, i]	[u, e, ì]	4
[i, y, i]	[i, y, ì]	2
[ui, i]	[ui, ì]	3
[au, an]	[aũ, an]	1
[u, i, ė]	[ù, i, ė]	2
[e, a]	[è, a]	6
[er, a, ei]	[ér, a, ei]	1
[e, e]	[e, è]	11
[u, uo]	[u, uõ]	1
[į, ei, ė]	[į̃, ei, ė]	2
[an, au]	[an, aũ]	1
[au, i, o]	[áu, i, o]	3
[u, a, y, e]	[ù, a, y, e]	1
[iau, in, a]	[iau, ìn, a]	2
[e, ė, i, o]	[e, ė́, i, o]	1
[i, il, y]	[i, ìl, y]	1
[en, io, i, a]	[en, ió, i, a]	2
[an, ių]	[an, ių̃]	1
[o, y, a]	[ó, y, a]	1
[i, y, ė, i]	[i, y, ė́, i]	1
[a, a, io, e]	[a, a, io, è]	1
[en, a]	[én, a]	1
[ė, e, iu]	[ė́, e, iu]	1
[al, o]	[al, õ]	25
[ei, i, o]	[ei, ì, o]	4
[iū, o]	[iū̃, o]	1
[e, ė, i, ų]	[e, ė́, i, ų]	1
[a, ie, ė]	[à, ie, ė]	5
[ė, į]	[ė́, į]	1
[am, u, io]	[am, ù, io]	1
[i, ė, ę]	[i, ė́, ę]	1
[ar, i, o, i]	[ar̃, i, o, i]	1
[u, en]	[u, eñ]	1
[o, ie, i, ę]	[o, ie, ì, ę]	1
[a, en, in, i]	[a, én, in, i]	2
[a, i, a, iau]	[ã, i, a, iau]	2
[į, al, in, i]	[į, ál, in, i]	1
[o, i, in, ai]	[ó, i, in, ai]	1
[au, ą]	[aũ, ą]	22
[ir, ė, ą]	[ir, ė́, ą]	2
[i, a]	[i, à]	31
[ie, u, ą]	[ie, ù, ą]	2
[i, ur]	[i, ur̃]	2
[į, a, ar]	[į, ã, ar]	2
[i, io, in]	[i, io, ìn]	1
[a, i]	[à, i]	2
[al, o, a]	[al, ó, a]	3
[y, a]	[ý, a]	36
[ie, a, a, om]	[ie, a, ã, om]	1
[a, ien]	[a, iẽn]	7
[a, y, u, ė, e]	[a, ý, u, ė, e]	1
[ei, u]	[ei, ù]	19
[ar, y]	[ar, ỹ]	2
[ie, a, ie]	[ie, a, iẽ]	5
[įei, an, ią]	[įeĩ, an, ią]	2
[ir, u, ė, e]	[ir, ù, ė, e]	11
[an, iai]	[an, iaĩ]	1
[a, i, o, i, au]	[a, i, õ, i, au]	2
[ei, a, a]	[ei, a, à]	1
[u, ū, ė]	[u, ū́, ė]	1
[u, i, o]	[u, ì, o]	15
[un, u]	[un, ù]	12
[e, a, e, ė, au]	[e, a, e, ė́, au]	1
[o, į]	[ò, į]	1
[a, in, o]	[a, iñ, o]	8
[o, o, e]	[o, o, è]	2
[u, e, e]	[u, e, è]	1
[e, i, in, i, an, iu]	[e, i, ìn, i, an, iu]	1
[ą, ai, ą]	[ą́, ai, ą]	1
[ar, ū, o]	[ar, ū̃, o]	1
[a, a, y, o]	[a, ã, y, o]	3
[i, o, y]	[i, ó, y]	1
[į, a, ai]	[į, a, aĩ]	3
[ai, in, ą]	[ai, ìn, ą]	2
[au, o, o, i, iu]	[au, o, o, i, iù]	7
[i, iu, ę]	[i, iù, ę]	2
[a, o, e, o]	[a, o, è, o]	1
[ą, o]	[ą, õ]	1
[au, o, o, i, iai]	[au, o, o, ì, iai]	1
[a, o, a, e]	[a, o, a, è]	1
[u, ier, i, ę]	[u, iér, i, ę]	1
[o, ur, u]	[o, ùr, u]	1
[ai, ai]	[ai, aĩ]	21
[e, i, e, a]	[e, ì, e, a]	1
[ė, io]	[ė́, io]	1
[ė, i, ai]	[ė, ì, ai]	1
[e, y, e]	[ẽ, y, e]	2
[ai, o]	[ái, o]	6
[u, i, a]	[u, i, à]	1
[u, al, o, o]	[u, al, ó, o]	1
[a, in, a]	[a, in, à]	2
[i, u, i, i]	[i, u, ì, i]	2
[u, i, ir, ai]	[u, i, ir, aĩ]	3
[al, o, ą]	[al, ò, ą]	1
[e, o, ai]	[e, ó, ai]	1
[un, au]	[un, aũ]	1
[a, e, e]	[a, e, è]	5
[a, i, ei, i, au]	[a, i, éi, i, au]	1
[a, y, ai]	[a, ỹ, ai]	1
[or, i, o, e]	[òr, i, o, e]	2
[or, ų]	[õr, ų]	1
[a, ei, u]	[a, ei, ù]	2
[e, a, į]	[e, ã, į]	1
[a, y, ė, e]	[a, ý, ė, e]	6
[iau, ė, i]	[iáu, ė, i]	1
[a, i, an, a]	[a, i, án, a]	1
[e, im, e, į]	[e, im̃, e, į]	1
[au, o, a]	[au, ó, a]	7
[y, ė, o]	[y, ė́, o]	2
[ar, iau, ia]	[ar, iáu, ia]	4
[a, o, e, a]	[a, o, e, à]	1
[ar, i, ių]	[ar, i, ių̃]	1
[e, ę]	[ẽ, ę]	6
[in, i, ie, iu]	[in, i, ie, iù]	1
[y, ė, ų]	[y, ė́, ų]	1
[ar, į]	[ár, į]	1
[e, u, e, ė, o]	[e, u, e, ė́, o]	1
[e, iau, io]	[e, iáu, io]	2
[a, en, ą]	[à, en, ą]	1
[aė, u]	[aė̃, u]	1
[e, ei]	[e, éi]	15
[a, y]	[ã, y]	8
[u, ar, o, i, ą]	[u, ar, ó, i, ą]	1
[a, ai, i]	[a, ai, ì]	2
[i, a, ų]	[i, ã, ų]	4
[i, a, i, o, e]	[i, ã, i, o, e]	5
[a, a, ą]	[ã, a, ą]	14
[i, a, i, a]	[i, a, ì, a]	1
[i, o, ė, o]	[i, o, ė́, o]	1
[ū, ei, iai]	[ū, eĩ, iai]	2
[i, ų]	[ì, ų]	8
[įei, i]	[įei, ì]	1
[i, o]	[ì, o]	67
[y, en, o, am]	[y, én, o, am]	1
[u, i, au, a, au]	[u, i, au, a, aũ]	4
[a, a, o, į]	[a, ã, o, į]	1
[u, a, ė]	[ù, a, ė]	1
[ū, a, a]	[ū́, a, a]	2
[el, iai]	[el, iaĩ]	3
[an, uo, a]	[án, uo, a]	1
[o, y, i]	[ó, y, i]	9
[u, o, i]	[ù, o, i]	3
[a, an, uo, i]	[a, an, úo, i]	1
[a, y, a]	[a, ý, a]	1
[a, u, i, e]	[a, ù, i, e]	1
[y, ė, o, e]	[y, ė́, o, e]	1
[ai, a, au]	[ai, a, aũ]	1
[i, ie, ą]	[ì, ie, ą]	4
[ea, i, a, y, i, e]	[ea, i, a, ý, i, e]	1
[al, uo, i]	[al, úo, i]	2
[i, un, ė]	[i, ùn, ė]	1
[i, i, ar, ie, iu]	[i, i, ar, iẽ, iu]	1
[uo, ia, ė]	[uõ, ia, ė]	1
[i, e, ė, e]	[i, e, ė, è]	1
[o, ė, iau]	[o, ė́, iau]	24
[a, y, i, o]	[a, y, ì, o]	1
[e, ė, ė]	[e, ė̃, ė]	1
[o, ė, i]	[o, ė́, i]	3
[a, en, in, a]	[a, én, in, a]	7
[il, iau]	[il, iaũ]	3
[e, i, u]	[è, i, u]	1
[ie, ų]	[íe, ų]	4
[ie, o, ai]	[ie, ó, ai]	2
[i, ie, ų]	[i, ie, ų̃]	1
[e, a, ių]	[e, ã, ių]	1
[ea, i, in, a]	[ea, i, iñ, a]	1
[ė, ų]	[ė, ų̃]	4
[a, i, ai, iu]	[a, i, ái, iu]	1
[a, ei, į]	[ã, ei, į]	1
[e, a, io]	[e, ã, io]	1
[al, o, i]	[al, ó, i]	4
[ai, i]	[ai, ì]	26
[i, i, il, o]	[i, i, ìl, o]	1
[y, e, u]	[y, e, ù]	8
[a, i, ė, o]	[a, i, ė́, o]	8
[ar, ui]	[ár, ui]	3
[e, i, ę]	[e, ì, ę]	1
[ė, an, i]	[ė́, an, i]	2
[i, e, ė, i]	[i, e, ė́, i]	1
[ie, o]	[ie, õ]	16
[e, a, e, ė]	[e, a, e, ė̃]	1
[ai, ė, a]	[ai, ė́, a]	3
[e, iu]	[e, iù]	3
[a, i, ą]	[ã, i, ą]	6
[a, ei, o, e]	[a, éi, o, e]	3
[ei, ė, a, iai]	[ei, ė́, a, iai]	1
[on, i, ė]	[on, ì, ė]	1
[an, y, o, e]	[án, y, o, e]	1
[ie]	[íe]	48
[au, a]	[au, à]	15
[u, au]	[u, aũ]	18
[an, uo]	[an, uõ]	6
[u, ar, į]	[ù, ar, į]	1
[ie, ą]	[iẽ, ą]	71
[i, a, į]	[ì, a, į]	6
[a, al, i, ė, a]	[a, al, i, ė́, a]	1
[e, er, ai, iau]	[e, ér, ai, iau]	1
[a, ei]	[a, eĩ]	19
[e, ai]	[e, aĩ]	27
[a, ie]	[a, íe]	2
[a, i, el, i]	[a, i, él, i]	1
[u, e, i]	[u, è, i]	1
[e, u, i, a, i, a]	[e, u, i, a, ì, a]	1
[e, au, io]	[e, áu, io]	1
[o, i, iu]	[ó, i, iu]	1
[o, y, ų]	[o, ỹ, ų]	2
[au, ė, o]	[au, ė́, o]	3
[ei, i, ė]	[eĩ, i, ė]	1
[e, e, ie, a]	[e, e, iẽ, a]	1
[o, e, ių]	[ó, e, ių]	4
[i, iuo, u]	[i, iúo, u]	1
[ai, o, e]	[ai, o, è]	1
[e, ir, ė, ai]	[e, ir, ė́, ai]	1
[u, o, e]	[ù, o, e]	6
[er, i, a]	[er, i, à]	6
[or, o]	[õr, o]	1
[e, e, i, o, iu]	[e, e, ì, o, iu]	3
[a, ai, ia, o]	[a, ai, iã, o]	1
[i, e, im]	[ì, e, im]	5
[i, e, ė, i]	[i, e, ė, ì]	1
[ą, i, ė]	[ą́, i, ė]	1
[ai, ą]	[ái, ą]	23
[eį, a, o, a]	[eį, ã, o, a]	5
[in, a, a]	[iñ, a, a]	4
[a, ė, o, e]	[a, ė́, o, e]	1
[uė, u, i]	[uė̃, u, i]	1
[e, i, a, u, o]	[e, i, a, ù, o]	1
[ai, e]	[ai, è]	8
[u, ė, į]	[u, ė́, į]	4
[a, al, o]	[a, al, õ]	1
[e, o, iu]	[e, ó, iu]	8
[u, en, iau]	[u, én, iau]	5
[iau, o]	[iaũ, o]	3
[a, ei, iu]	[a, éi, iu]	1
[au, o, i]	[au, ó, i]	12
[a, o, io]	[a, õ, io]	1
[ū, y, ą]	[ū̃, y, ą]	1
[an, uo, i, ę]	[an, uo, ì, ę]	1
[u, un, ia]	[u, ùn, ia]	2
[an, i, ą]	[án, i, ą]	1
[a, o, ių]	[a, õ, ių]	3
[ū, a, i]	[ū, a, ì]	1
[au, ėm]	[áu, ėm]	1
[iol]	[iõl]	1
[ai, i, a]	[ái, i, a]	1
[a, ei, i, e]	[a, eĩ, i, e]	1
[e, ai, i, e]	[e, aĩ, i, e]	1
[a, e, i, e]	[a, è, i, e]	1
[u, i, a, i]	[u, i, à, i]	2
[u, ė, um]	[u, ė́, um]	6
[u, ei, i, e]	[u, éi, i, e]	1
[ir, y, e]	[ir, y, è]	1
[a, au, o]	[a, aũ, o]	1
[ee, i, uo, ų]	[ee, i, úo, ų]	1
[ū, um]	[ū́, um]	6
[o, iui]	[ò, iui]	1
[a, a, o, i, o]	[ã, a, o, i, o]	1
[ie, o]	[iẽ, o]	54
[ū, u]	[ū, ù]	8
[ei, ė]	[ei, ė̃]	7
[ar, iai]	[ar̃, iai]	2
[a, i, ei, a, o]	[a, i, ei, ã, o]	1
[al, o, a]	[al̃, o, a]	1
[i, a, ia, o]	[i, a, iã, o]	3
[a, iim, i]	[a, iim̃, i]	2
[e, i, o]	[e, i, ó]	3
[i, au, in, i]	[i, áu, in, i]	1
[i, i, i, uo, o, e]	[i, i, i, úo, o, e]	1
[e, ei, ė, o]	[e, ei, ė́, o]	5
[ę, i]	[ę̃, i]	2
[e, ir]	[e, ir̃]	1
[e, ė, ų]	[e, ė́, ų]	1
[u, ė, e]	[ù, ė, e]	9
[u, ir, o]	[u, ir̃, o]	16
[e, ė, o]	[e, ė́, o]	4
[a, y, i]	[a, ý, i]	33
[ū, i, e]	[ū́, i, e]	4
[o, an]	[ó, an]	1
[in, a]	[ìn, a]	1
[ar, ė]	[ár, ė]	9
[į, i, au, i]	[į, i, áu, i]	1
[ea, ei, ė]	[eà, ei, ė]	1
[e, ei, ė, ų]	[e, ei, ė́, ų]	1
[u, ią]	[ù, ią]	2
[a, į, a, ai]	[a, į́, a, ai]	1
[au, o, o, i, i]	[au, o, o, ì, i]	15
[e, i, o, i, e]	[e, i, ó, i, e]	2
[a, i, iau, ė]	[a, ì, iau, ė]	1
[a, ei, ia]	[a, éi, ia]	4
[ia, i, o]	[ia, ì, o]	1
[a, e, a, e]	[à, e, a, e]	1
[u, i, o, o, e]	[u, i, ó, o, e]	1
[u, ir, ų]	[u, ìr, ų]	1
[i, au, i]	[i, au, ì]	1
[au, o]	[aũ, o]	16
[ar, o, i, o, e]	[ar, ò, i, o, e]	1
[u, ir, au]	[u, ir, aũ]	5
[a, u, au]	[a, u, aũ]	1
[a, a, y, iu]	[a, a, ý, iu]	7
[o, y, o]	[o, ỹ, o]	9
[i, o, i]	[i, ó, i]	13
[er, ai, y, i]	[ér, ai, y, i]	4
[er, i, ų]	[er, ì, ų]	1
[au, ę]	[aũ, ę]	2
[o, e, o, iu]	[o, è, o, iu]	2
[ian, ie, o]	[iañ, ie, o]	2
[ir, ai]	[ir, aĩ]	1
[o, i, o]	[ò, i, o]	2
[er, in, a]	[er, ìn, a]	1
[a, e, i, a]	[a, è, i, a]	2
[uo, a, iai]	[uo, a, iaĩ]	1
[i, e, io]	[i, è, io]	1
[an, y]	[añ, y]	1
[a, a, o]	[ã, a, o]	11
[ū, ui]	[ū́, ui]	2
[a, i, in, e]	[ã, i, in, e]	1
[e, e, e, iu]	[e, è, e, iu]	1
[ie, u, u]	[íe, u, u]	1
[e, u, ia, e, im]	[ẽ, u, ia, e, im]	1
[o, ie, i, o, e]	[o, ie, ì, o, e]	2
[ai, i, in, a]	[ai, i, iñ, a]	1
[a, ė]	[ã, ė]	42
[o, a, uo, o, u]	[o, a, úo, o, u]	1
[o, io]	[õ, io]	20
[ė, ė, o]	[ė, ė́, o]	5
[ei, iau]	[ei, iaũ]	1
[u, i, ie, i, a]	[u, i, ie, ì, a]	1
[o, e, į]	[ó, e, į]	4
[y, u, ą]	[y, ù, ą]	9
[e, ė, ė]	[é, ė, ė]	1
[i, i, iam]	[i, ì, iam]	1
[ar, y, i]	[ár, y, i]	1
[a, ur]	[a, ur̃]	5
[i, ei, ė]	[i, éi, ė]	1
[ir, ų]	[ìr, ų]	1
[a, i, o, e]	[a, ì, o, e]	2
[a, a, in, iu]	[a, a, ìn, iu]	1
[o, iu, a]	[o, iù, a]	2
[iar, i, a]	[iar̃, i, a]	1
[a, ir, ai]	[a, ir, aĩ]	3
[į, i, au]	[į, i, aũ]	1
[u, au, ė]	[u, áu, ė]	1
[u, au, a]	[u, au, à]	1
[ė, a, iau, ią]	[ė, a, iáu, ią]	1
[ei, į]	[eĩ, į]	2
[au, u]	[áu, u]	9
[e, ur, i, a]	[e, ùr, i, a]	2
[an, y, i, e]	[an, ý, i, e]	1
[y, o]	[y, ó]	17
[i, ie, iu]	[i, íe, iu]	1
[u, i, au, i]	[u, i, áu, i]	1
[uo, o, ė]	[úo, o, ė]	7
[a, ar, u, i]	[a, ar̃, u, i]	1
[ei, in, i]	[ei, ìn, i]	1
[al, o, u]	[al, ó, u]	4
[i, y, en]	[i, y, eñ]	1
[įė, i, ą]	[įė, ì, ą]	1
[a, a, ai, a]	[a, ã, ai, a]	1
[a, iuo, i, e]	[a, iúo, i, e]	1
[ai, i, in, e]	[aĩ, i, in, e]	1
[e, e, i]	[e, ẽ, i]	6
[y, e, a]	[ỹ, e, a]	1
[a, in, i]	[a, ìn, i]	6
[ie, ą]	[íe, ą]	40
[u, ė]	[u, ė̃]	2
[e, u, an, an, i]	[e, u, añ, an, i]	1
[a, y, i, i, o]	[a, ý, i, i, o]	2
[u, ai, i, o, e]	[u, ai, ì, o, e]	1
[uo, ie, ei]	[uo, iẽ, ei]	1
[a, i, ų]	[ã, i, ų]	1
[a, o, y, iu]	[a, ó, y, iu]	3
[ai, ė, u]	[ai, ė́, u]	2
[i, an, y, i]	[i, an, ý, i]	1
[iau, ė]	[iáu, ė]	4
[au, e, ė]	[au, è, ė]	1
[u, u, i]	[u, u, ì]	1
[a, i]	[ã, i]	57
[e, iau, ių]	[e, iáu, ių]	1
[aė, u, iai]	[aė̃, u, iai]	1
[ią, a]	[ią̃, a]	1
[į, im]	[į̃, im]	1
[i, a, o]	[i, ã, o]	7
[u, i, in, i, a]	[u, i, in, ì, a]	2
[e, i, ė, ai]	[e, i, ė́, ai]	1
[o, er, a]	[ò, er, a]	1
[a, au, ė, e]	[a, aũ, ė, e]	1
[a, i, a, e]	[a, ì, a, e]	2
[a, el]	[a, el̃]	2
[u, o]	[ù, o]	168
[iu, e]	[iu, è]	2
[ea, o, ė]	[ea, ó, ė]	3
[a, y, en, i]	[a, y, én, i]	1
[iu, au, i]	[iu, áu, i]	1
[e, ė, io]	[e, ė, ió]	1
[y, y, ui]	[y, ý, ui]	1
[e, e, u]	[e, e, ù]	1
[er, iu]	[er, iù]	1
[a, u, o]	[a, ù, o]	2
[al, i, o]	[ál, i, o]	1
[ė, uo, a]	[ė, úo, a]	3
[e, ė, i, ą]	[e, ė́, i, ą]	1
[i, iuo, uo, i]	[i, iúo, uo, i]	4
[į, al, i, au]	[į, ál, i, au]	1
[ar, i, ių, i]	[ar, i, ių̃, i]	1
[al, an]	[al̃, an]	2
[en, ų]	[en, ų̃]	1
[au, o, a, i]	[au, ó, a, i]	2
[a, ir, į]	[ã, ir, į]	1
[e, uo, a]	[e, úo, a]	2
[iu, in, a]	[iu, ìn, a]	1
[i, au, i, e]	[i, aũ, i, e]	1
[e, i, o, a, a]	[e, i, ó, a, a]	1
[y, i]	[ý, i]	18
[iur, ė]	[iùr, ė]	1
[in, e, ė]	[in, è, ė]	1
[i, ir, iu]	[i, ir̃, iu]	1
[i, ų, ų]	[i, ų̃, ų]	1
[in, u, i, a]	[in, ù, i, a]	1
[eei, i]	[eeĩ, i]	1
[er, i, o]	[er, ì, o]	8
[o, ė, au]	[o, ė́, au]	10
[u, i, ar, y, i]	[u, i, ar, ý, i]	1
[el, o, i]	[el, õ, i]	1
[a, a, i]	[a, ã, i]	1
[i, ė, e]	[ì, ė, e]	1
[ul, i]	[ul̃, i]	1
[a, a, iau, iai]	[a, a, iáu, iai]	1
[a, e, u]	[ã, e, u]	4
[o, iau]	[o, iaũ]	6
[o, i, i, a]	[o, i, ì, a]	1
[ar, i, iu]	[ár, i, iu]	1
[au, an]	[au, añ]	2
[ai, ėm]	[aĩ, ėm]	1
[iū, ė, au]	[iū, ė́, au]	3
[a, i, a, i]	[a, ì, a, i]	9
[a, i, y, ių]	[a, i, ý, ių]	1
[a, i, y, ė]	[a, i, ý, ė]	1
[aė, iau]	[àė, iau]	3
[ei, ia]	[éi, ia]	5
[i, ą]	[ì, ą]	82
[o, ių]	[õ, ių]	4
[ū, u, ų]	[ū́, u, ų]	1
[a, a, ai, i]	[a, ã, ai, i]	2
[a, al, e, i, ų]	[a, al, è, i, ų]	1
[y, e, ė]	[y, è, ė]	4
[į, i, i]	[į, i, ì]	1
[e, o]	[e, õ]	1
[ir, o]	[ìr, o]	7
[ie, ų]	[iẽ, ų]	3
[o, ui]	[ò, ui]	35
[aei, ų]	[aeĩ, ų]	1
[ai, y, a]	[aĩ, y, a]	1
[ai, ų]	[ái, ų]	1
[ei, in, a]	[ei, ìn, a]	7
[e, e, al, u]	[e, e, al, ù]	1
[a, u, ė, i]	[a, u, ė́, i]	1
[a, ie, o, o]	[a, ie, ó, o]	1
[e, io, i, a]	[e, ió, i, a]	1
[o, ia]	[o, ià]	11
[um, a]	[um, à]	2
[u, u]	[u, ù]	5
[il, o, a]	[ìl, o, a]	1
[ai, i, ui]	[ai, ì, ui]	1
[ir, a, ie, iai]	[ir, ã, ie, iai]	1
[in, ų]	[iñ, ų]	1
[u, ių]	[u, ių̃]	1
[a, i, ą]	[a, ì, ą]	5
[u, a, i, a]	[u, a, ì, a]	1
[an, ų]	[an, ų̃]	1
[u, a, y, ą]	[u, a, ý, ą]	1
[e, u, o]	[e, ù, o]	25
[au, o, u]	[au, ó, u]	3
[iū, i]	[iū, ì]	1
[au, in, e, ė]	[au, in, è, ė]	2
[el, e, y]	[el, e, ỹ]	2
[a, e, ė]	[à, e, ė]	9
[u, ie, i]	[u, ie, ì]	2
[ą, y, o, i]	[ą́, y, o, i]	3
[ai, i, in, ė]	[ai, i, iñ, ė]	3
[i, i, ė]	[ì, i, ė]	1
[y, u, iu]	[ý, u, iu]	1
[a]	[à]	1152
[ū, y, o, ai]	[ū, ý, o, ai]	1
[ie, e]	[ie, è]	10
[uo, ė, i]	[uõ, ė, i]	1
[o, i, on, o]	[o, i, òn, o]	4
[ar, a, ą]	[ar, ã, ą]	9
[er, i, ą]	[er, ì, ą]	3
[au, y, ą]	[aũ, y, ą]	3
[įė, au]	[įė, aũ]	1
[an, iau]	[an, iaũ]	4
[a, au, a]	[à, au, a]	2
[a, e, a]	[ã, e, a]	2
[er, ai, ę]	[ér, ai, ę]	2
[an, o, e]	[añ, o, e]	3
[au, ia, a]	[au, ia, à]	1
[u, i, e, o]	[u, i, ẽ, o]	1
[a, y, iu]	[a, ý, iu]	1
[i, y]	[i, ỹ]	1
[e, a, ir, i, e]	[e, a, ir̃, i, e]	1
[o, i, e, o]	[o, i, è, o]	1
[a, y, iu, e]	[a, ỹ, iu, e]	4
[ei, ė, i]	[éi, ė, i]	1
[ail, ė, i]	[ail, ė, ì]	1
[a, e, i, ie, i]	[a, e, i, iẽ, i]	2
[ai, ė, ai]	[ai, ė́, ai]	2
[a, i, i, ą]	[a, i, ì, ą]	2
[ė, au]	[ė, aũ]	2
[a, an, ų]	[a, an, ų̃]	4
[al, i]	[al, ì]	4
[a, ė, au]	[a, ė, aũ]	2
[iu, or, ą]	[iu, òr, ą]	1
[e, i, i, ė, au]	[e, i, i, ė́, au]	1
[e, i, i, e, a]	[e, i, ì, e, a]	4
[ur, a, i, ė]	[ur, a, ì, ė]	2
[a, a]	[ã, a]	38
[i, ie, o]	[ì, ie, o]	1
[uo, iu]	[úo, iu]	4
[u, io]	[ù, io]	3
[am, y]	[am, ỹ]	1
[a, i, y]	[a, i, ỹ]	3
[um, io]	[ùm, io]	1
[e, a, ie, į]	[e, ã, ie, į]	19
[a, uo, a]	[à, uo, a]	3
[au, u, ai]	[aũ, u, ai]	1
[a, u, iu]	[a, u, iù]	1
[u, iu]	[u, iù]	70
[e, e, a, ą]	[e, e, ã, ą]	1
[a, ie, ė, e]	[a, íe, ė, e]	1
[o, io, e]	[o, io, è]	9
[i, o, a]	[ì, o, a]	6
[a, e, iu]	[a, è, iu]	1
[am, i, a]	[ám, i, a]	1
[au, u, ų]	[au, u, ų̃]	1
[on, o, ą]	[òn, o, ą]	2
[im, e, į]	[im̃, e, į]	1
[i, e, ė, e]	[i, ẽ, ė, e]	3
[a, ių, i]	[a, ių, ì]	1
[a, i, an, iau]	[a, i, an, iaũ]	1
[o, an, o]	[o, án, o]	6
[e, i, au, in]	[e, i, áu, in]	1
[an, e, io]	[an, è, io]	1
[i, a, ai]	[i, a, aĩ]	2
[an, e, į]	[an, è, į]	1
[ar, i]	[ar̃, i]	6
[a, i, u, o]	[a, i, ù, o]	1
[a, an, i, ą]	[a, án, i, ą]	1
[e, y, i]	[e, ý, i]	2
[ė, o, u]	[ė, ó, u]	2
[o, i, ių]	[o, i, ių̃]	2
[ė, ių]	[ė, ių̃]	10
[ū, io]	[ū́, io]	2
[u, ė, ė]	[u, ė́, ė]	1
[er, ai, ę]	[er, ái, ę]	1
[u, ie, ie, i, o]	[u, ie, iẽ, i, o]	1
[u, ai]	[u, aĩ]	4
[en, ia, e, im]	[eñ, ia, e, im]	4
[u, iuo]	[u, iuõ]	12
[ir, iu]	[ir, iù]	1
[al, y, ė]	[al, ý, ė]	1
[ar, o, ė]	[ar, ó, ė]	1
[au, ai, ių]	[au, aĩ, ių]	1
[i, ia, i]	[ì, ia, i]	3
[ą, i]	[ą, ì]	1
[y, ai]	[ý, ai]	10
[er, o, e]	[er̃, o, e]	1
[e, u, au]	[e, u, aũ]	3
[a, an, iau]	[a, an, iaũ]	1
[er, ai, y, iu]	[ér, ai, y, iu]	1
[o, i, uo, a]	[o, i, úo, a]	1
[ei, a]	[éi, a]	1
[a, į, a]	[a, į́, a]	1
[i, u, ė, ę]	[i, u, ė̃, ę]	4
[u, al, ė, e]	[u, ál, ė, e]	2
[an, ia]	[an, ià]	1
[i, ė, o]	[i, ė́, o]	1
[i, ia, o, i]	[i, iã, o, i]	1
[į, y, o]	[į, ỹ, o]	1
[ū, au]	[ū, aũ]	7
[a, i, o, ė, e]	[a, i, ó, ė, e]	1
[a, im, i]	[a, im, ì]	1
[a, iau, iai]	[a, iáu, iai]	8
[eu, o, o, e]	[eu, ò, o, e]	5
[am, ė, i]	[am, ė́, i]	1
[il, ių]	[il, ių̃]	1
[o, ė, ai]	[o, ė́, ai]	1
[u, y, a]	[u, ỹ, a]	1
[ū, į]	[ū́, į]	3
[uo, ą]	[úo, ą]	12
[e, i, ie, i]	[e, i, iẽ, i]	1
[iū, iu]	[iū, iù]	3
[a, ei, a]	[a, éi, a]	6
[u, ė, ė]	[u, ė, ė̃]	1
[a, au, iau]	[à, au, iau]	1
[e, ei, ia]	[e, ei, ià]	3
[al, ai, ių]	[al, aĩ, ių]	2
[a, er, i]	[a, er, ì]	1
[a, e, i]	[ã, e, i]	1
[i, u, ę]	[i, ù, ę]	8
[o, ie, i, o]	[o, ie, ì, o]	1
[a, i, o]	[ã, i, o]	5
[į, un, um]	[į, ùn, um]	1
[a, au, į]	[a, áu, į]	9
[a, i, o, in, i]	[a, i, õ, in, i]	2
[e, a, in]	[e, a, ìn]	1
[iuo]	[iuõ]	22
[au, io, o, e]	[áu, io, o, e]	1
[u, en, ė]	[u, eñ, ė]	1
[au, o]	[au, ó]	1
[e, en, ą]	[e, eñ, ą]	1
[al, ą]	[ál, ą]	17
[e, ą, o, ė]	[e, ą́, o, ė]	1
[u, au, ei]	[u, au, eĩ]	1
[ur, ie, i]	[ur, íe, i]	1
[y, u]	[ý, u]	2
[u, ų]	[ù, ų]	9
[a, i, ė, i, e]	[a, i, ė́, i, e]	2
[a, ie, iau]	[à, ie, iau]	1
[ea, i, ei, i, u, i]	[ea, i, éi, i, u, i]	1
[u, a, ė, e]	[u, ã, ė, e]	1
[ie, in, a]	[ie, ìn, a]	1
[in, y, i]	[iñ, y, i]	1
[a, u, ų]	[a, ù, ų]	1
[uė, o]	[uė̃, o]	2
[a, ie, i]	[a, ie, ì]	3
[o, au, i]	[ó, au, i]	3
[a, i, a, ė]	[a, ì, a, ė]	2
[ai, au]	[ai, aũ]	3
[ar, uo, e]	[ár, uo, e]	1
[al, y, i, e]	[ál, y, i, e]	1
[iū, ą]	[iū̃, ą]	2
[į, y, y, a]	[į, ý, y, a]	1
[ia]	[ià]	48
[er, i]	[er, ì]	6
[a, o, ų]	[a, õ, ų]	5
[au, ū]	[aũ, ū]	1
[u, iu, ė]	[u, iù, ė]	1
[a, al, o]	[a, ál, o]	22
[e, au, o, a]	[e, au, ó, a]	2
[i, i, il, y, i]	[i, i, ìl, y, i]	1
[i, au, i, au]	[i, áu, i, au]	1
[au, į]	[áu, į]	1
[a, i, in, i]	[a, ì, in, i]	1
[a, al, ą]	[a, ál, ą]	1
[am, er, a, a]	[ám, er, a, a]	2
[o, iū, io]	[ó, iū, io]	1
[a, o, in, a, i]	[a, o, ìn, a, i]	1
[ė, y, ą]	[ė́, y, ą]	2
[e, e, o]	[ẽ, e, o]	2
[u, a, ių]	[ù, a, ių]	2
[u, u, o]	[u, ù, o]	1
[e, i, en, a]	[e, i, eñ, a]	2
[u, i, a, ė]	[u, i, ã, ė]	1
[i, o, a]	[i, ó, a]	3
[o, iau, i]	[ó, iau, i]	1
[o, au]	[o, aũ]	4
[e, in, a]	[e, ìn, a]	1
[ie, i]	[ie, ì]	3
[o, i, iai]	[o, i, iaĩ]	17
[a, om]	[ã, om]	2
[a, iu]	[à, iu]	1
[u, al, y, i]	[u, al, ý, i]	1
[i, au, ė]	[i, aũ, ė]	1
[u, ar, o, i]	[u, ar, ó, i]	1
[an, o, i]	[añ, o, i]	2
[a, y, au]	[a, ý, au]	1
[e, ai]	[ẽ, ai]	12
[ė, ė]	[ė̃, ė]	16
[e, im]	[ẽ, im]	13
[en, a]	[en, à]	3
[i, ė, i, a]	[i, ė́, i, a]	4
[i, en, a]	[ì, en, a]	1
[ai, ui]	[aĩ, ui]	3
[en, en, i, a]	[en, eñ, i, a]	1
[a, au, o, i]	[a, áu, o, i]	1
[a, į]	[ã, į]	30
[am, a, y, e]	[am, a, y, è]	21
[ai, i, e]	[aĩ, i, e]	1
[ai, ė, au]	[ai, ė́, au]	1
[e, y, a]	[e, ý, a]	6
[el, ia, a, i]	[el̃, ia, a, i]	1
[įei, an, į]	[įeĩ, an, į]	1
[a, al, ė, i]	[a, ál, ė, i]	1
[a, im]	[a, im̃]	4
[a, e, o, ių]	[a, e, õ, ių]	1
[o, o]	[õ, o]	4
[au, iu, ų]	[au, iù, ų]	1
[e, ai, in, i, e]	[e, ai, ìn, i, e]	1
[o, in]	[ó, in]	1
[e, e, i, en, o]	[e, e, i, eñ, o]	1
[i, ua, i, a]	[i, uã, i, a]	2
[om, iu, e, į]	[om, iù, e, į]	6
[ū, i]	[ū̃, i]	3
[y, iu]	[ý, iu]	10
[u, i, al, i, u]	[u, i, al, i, ù]	1
[e, a, i, a]	[e, ã, i, a]	11
[iau, in, ai]	[iau, ìn, ai]	1
[al, o, o, io]	[al, o, ò, io]	2
[in, iu]	[ìn, iu]	2
[u, a, y, i, e]	[u, a, ý, i, e]	2
[a, į, i]	[a, į́, i]	5
[į, a, y, a]	[į, ã, y, a]	1
[e, a, ė]	[e, ã, ė]	7
[e, u, an, u]	[e, u, an, ù]	6
[e, a, ė, ų]	[e, a, ė́, ų]	2
[uo, o]	[úo, o]	18
[y, ū, a]	[y, ū̃, a]	3
[in, ą]	[iñ, ą]	2
[el, u, a]	[el, ù, a]	1
[a, al, i]	[a, al, ì]	1
[a, i, i, ė]	[ã, i, i, ė]	1
[a, u, i]	[ã, u, i]	1
[e, a, ie, iai]	[e, ã, ie, iai]	10
[e, e, i]	[e, e, ì]	3
[a, uo, ia]	[a, úo, ia]	4
[e, u, ū, ė]	[e, u, ū́, ė]	1
[e, ų]	[ẽ, ų]	25
[u, i, in, o]	[u, i, iñ, o]	2
[a, au, ė]	[a, áu, ė]	1
[au, a, am]	[au, á, am]	1
[i, iu, u]	[i, iu, ù]	1
[a, in, a, e]	[a, iñ, a, e]	1
[o, y, au]	[o, y, aũ]	1
[ei, a, au, i]	[ei, a, áu, i]	1
[a, an, y]	[a, an, ý]	3
[a, ei, ų]	[a, ei, ų̃]	1
[u, a, ė]	[u, ã, ė]	4
[a, au, io]	[a, áu, io]	2
[i, e, ė]	[i, ẽ, ė]	1
[o, i, ę]	[ó, i, ę]	2
[en, ė]	[én, ė]	1
[a, o, a, o, iu]	[a, o, a, ó, iu]	1
[i, i, au]	[i, i, áu]	1
[an, ė]	[añ, ė]	1
[o, o, a, i]	[ó, o, a, i]	1
[a, ę]	[a, ę̃]	37
[i, i, ai]	[i, i, aĩ]	10
[an, io]	[añ, io]	1
[e, ai, y, i]	[e, ai, ý, i]	1
[a, i, a, y]	[a, i, a, ỹ]	1
[a, y, a, i, o]	[a, y, ã, i, o]	1
[ie, ie, ą]	[ie, íe, ą]	19
[ar, ū, ą]	[ar, ū̃, ą]	1
[il, e, ė]	[il, è, ė]	4
[u, ū, i]	[u, ū́, i]	1
[u, a, iuo, i]	[u, a, iúo, i]	1
[ei, ia, e]	[eĩ, ia, e]	1
[ėl]	[ė̃l]	22
[ir, ė, o]	[ir, ė́, o]	1
[al]	[ál]	12
[ir, i, ių]	[ir̃, i, ių]	1
[on, o, iuo, i]	[on, o, iúo, i]	1
[i, ei]	[i, eĩ]	2
[ai, ai, i]	[ai, aĩ, i]	2
[il, io]	[il̃, io]	3
[o, or, o]	[ò, or, o]	1
[e, e, u, i]	[e, e, ù, i]	2
[au, ė]	[áu, ė]	10
[ei, o, y, e]	[éi, o, y, e]	2
[i, y, ė]	[i, ý, ė]	1
[o, i, i, in, a]	[o, ì, i, in, a]	4
[ir, u, ę]	[ir, ù, ę]	7
[ol]	[õl]	9
[u, ir, i]	[u, ir, ì]	2
[e, o, a, ai]	[e, ó, a, ai]	1
[io, o, i, ą]	[io, ò, i, ą]	1
[a, ė, i, e]	[a, ė́, i, e]	11
[e, a, i, e]	[e, ã, i, e]	8
[an, ū, i, o, e]	[an, ū, ì, o, e]	2
[u, i, ai, ė, e]	[u, i, ái, ė, e]	1
[a, i, ę]	[a, ì, ę]	4
[ė, i, a]	[ė, ì, a]	1
[i, en, ei]	[i, én, ei]	1
[o, y, a]	[o, y, à]	6
[au, ų]	[aũ, ų]	1
[a, e, ė]	[a, è, ė]	2
[ai, ių]	[aĩ, ių]	2
[e, a, i]	[ẽ, a, i]	9
[e, e, e]	[e, e, è]	2
[au, a, i, a]	[au, ã, i, a]	1
[a, i, ei]	[a, i, eĩ]	1
[o, a]	[o, à]	15
[a, a, iau]	[a, ã, iau]	2
[į, un, o]	[į, ùn, o]	2
[a, a, ė, e]	[a, ã, ė, e]	2
[au, io, i]	[áu, io, i]	5
[i, o, ai]	[i, õ, ai]	1
[al, ė, o]	[al, ė́, o]	7
[al, ū]	[ál, ū]	2
[i, a, io]	[ì, a, io]	4
[el, ė]	[el̃, ė]	1
[er, iau]	[er̃, iau]	1
[al, ū]	[al, ū́]	3
[im, ą]	[im̃, ą]	7
[ė, e, io]	[ė̃, e, io]	3
[o, i, e, i]	[o, ì, e, i]	1
[i, i, o, e]	[ì, i, o, e]	2
[a, el, ė]	[a, el, ė̃]	1
[o, i, i, o]	[o, ì, i, o]	5
[i, e, ėm]	[i, e, ė̃m]	1
[al, o]	[ál, o]	22
[o, i, ai]	[ó, i, ai]	7
[a, y, ia]	[a, ý, ia]	1
[o, oa, a, a, ą]	[o, oa, a, ã, ą]	3
[u, el, i]	[u, el, ì]	2
[a, ū, a]	[a, ū̃, a]	1
[u, uo, i]	[u, uo, ì]	1
[ei, ia, i]	[eĩ, ia, i]	1
[o, u, en, o]	[o, u, eñ, o]	1
[a, o, a]	[a, o, à]	7
[i, ę]	[ì, ę]	2
[e, er, ė]	[e, er̃, ė]	1
[e, ė]	[è, ė]	63
[e, i, i, ė]	[e, i, i, ė́]	2
[o, u, i]	[o, u, ì]	2
[ea, ė, o]	[ea, ė̃, o]	2
[e, er]	[e, er̃]	1
[ir, ą]	[ìr, ą]	10
[i, o, o, i, a]	[i, o, ò, i, a]	1
[ai, i, a]	[ai, ì, a]	11
[e, ė, a, io]	[e, ė́, a, io]	1
[a, an, ė]	[a, añ, ė]	5
[a, i, a, i, į]	[a, i, ã, i, į]	1
[ie, e, y, e]	[ie, ẽ, y, e]	2
[ą, u, i]	[ą, ù, i]	1
[ū, a]	[ū̃, a]	7
[in, i, ų]	[in, ì, ų]	1
[o, i, i, in, e]	[o, ì, i, in, e]	1
[e, al, io]	[ẽ, al, io]	1
[ie, o, au]	[ie, ó, au]	6
[e, ū, ų]	[e, ū, ų̃]	3
[en, ių]	[en, ių̃]	3
[e, e, a]	[e, è, a]	1
[a, y, a, a]	[a, ý, a, a]	1
[e, a, ė, o]	[e, a, ė́, o]	19
[uo, ų]	[úo, ų]	1
[e, a, e]	[ẽ, a, e]	20
[a, u, ai]	[a, u, aĩ]	1
[il, u, ą]	[il, ù, ą]	1
[a, y, o, e]	[a, ỹ, o, e]	3
[i, ai, ė]	[i, ái, ė]	1
[o, iam]	[o, iám]	2
[u, an, a]	[u, añ, a]	1
[a, i, i, iu]	[a, i, ì, iu]	1
[ir, o, i]	[ir, ó, i]	1
[i, e, ę]	[ì, e, ę]	3
[el, u]	[el, ù]	1
[a, o, ui]	[a, õ, ui]	1
[i, o, e]	[ì, o, e]	8
[on, o, o]	[òn, o, o]	1
[al, u, ia, o, iu]	[al, u, iã, o, iu]	1
[e, e, uo, a]	[e, e, úo, a]	1
[ai, in, e, i]	[ai, in, è, i]	1
[u, i, a, iau]	[u, i, a, iaũ]	1
[o, o, ą]	[ò, o, ą]	7
[a, a, ie, ė]	[a, a, íe, ė]	3
[e, i, o, i]	[e, i, ó, i]	2
[o, i, au]	[o, i, aũ]	1
[a, an, y, i]	[a, an, ý, i]	6
[a, am, i, o, e]	[a, am̃, i, o, e]	1
[am, i, a]	[am̃, i, a]	3
[o, a, ą]	[ó, a, ą]	4
[om, iu, e, iai]	[om, iù, e, iai]	1
[in, er, iu]	[in, er, iù]	1
[uei, i]	[uei, ì]	5
[y, ai]	[ỹ, ai]	1
[in, uo, i]	[in, uo, ì]	1
[e, a, a]	[e, a, à]	1
[u, iė, ę]	[u, iė̃, ę]	7
[uo, a, ų]	[úo, a, ų]	1
[į, y, ia]	[į, y, ià]	1
[uė, ė]	[ùė, ė]	1
[ar, i, iai]	[ar, i, iaĩ]	7
[ą, un, a]	[ą́, un, a]	2
[an, u]	[an, ù]	10
[a, ie, a, a]	[ã, ie, a, a]	1
[ei, e]	[éi, e]	4
[ar, ie, io]	[ar, iẽ, io]	1
[i, en, ė]	[i, én, ė]	1
[e, ai, an]	[e, ái, an]	1
[u, ų]	[u, ų̃]	6
[en, i, y, e]	[en, i, y, è]	2
[ę, ė]	[ę̃, ė]	1
[a, i, ai, io, i]	[a, i, ái, io, i]	1
[e, o, en, uo, i]	[e, o, en, úo, i]	1
[am, ių]	[ám, ių]	1
[ir, a, ie, i]	[ir, ã, ie, i]	3
[e, i, y, o]	[e, i, ỹ, o]	1
[a, į, u]	[a, į́, u]	7
[ė, io, a]	[ė, ió, a]	1
[e, i, o]	[e, ì, o]	22
[i, a, iuo, i]	[i, a, iúo, i]	2
[a, iū, ė, au]	[a, iū, ė́, au]	2
[al, ie, i]	[al, iẽ, i]	1
[i, i, o, ie, iu]	[i, i, o, iẽ, iu]	1
[a, a, ą]	[à, a, ą]	1
[un, u, ų]	[un, ù, ų]	1
[ą, y, o, e]	[ą́, y, o, e]	1
[i, o, iau]	[i, ó, iau]	1
[u, u, u, io]	[u, ù, u, io]	1
[iuo, i, ė, i]	[iuo, i, ė́, i]	1
[a, uo, ę]	[a, uõ, ę]	1
[y, e, i, o]	[y, ẽ, i, o]	17
[u, an, i]	[u, an, ì]	1
[au, ė, ė]	[aũ, ė, ė]	1
[e, ą]	[ẽ, ą]	23
[a, i, i, o, e]	[a, ì, i, o, e]	3
[ū, i, in, ui]	[ū́, i, in, ui]	1
[au, y, ė]	[au, ý, ė]	2
[e, ą]	[e, ą̃]	1
[a, al]	[a, al̃]	17
[an, i, a, i]	[an, ì, a, i]	1
[en, i, o, e]	[én, i, o, e]	2
[ei, iu]	[ei, iù]	1
[a, ai, ę]	[a, ái, ę]	18
[ie, u, u]	[ie, u, ù]	1
[y, en, a, au]	[y, én, a, au]	1
[eį, a, ė]	[eį̃, a, ė]	1
[u, ą]	[ù, ą]	6
[ar, a]	[ar̃, a]	12
[a, e, iau, i]	[a, e, iáu, i]	1
[ai, ė]	[aĩ, ė]	6
[e, ie, o]	[e, íe, o]	1
[ie, om]	[ie, óm]	2
[a, iuo, iu]	[a, iúo, iu]	1
[e, a, ai, o]	[e, à, ai, o]	1
[į, y, io]	[į́, y, io]	1
[an, ū, a, al, ė, e]	[an, ū, a, al̃, ė, e]	1
[am, a, a, o, e]	[am, a, ã, o, e]	1
[e, a, y, en, ų]	[e, a, y, én, ų]	1
[a, ei, iu]	[a, ei, iù]	1
[un, a]	[uñ, a]	1
[ei, ų]	[ei, ų̃]	1
[u, en, a]	[ù, en, a]	1
[i, ą, in, i]	[i, ą̃, in, i]	1
[a, a, y, a, a]	[a, a, ý, a, a]	2
[au, o, i, ui]	[au, ó, i, ui]	1
[e, ia]	[ẽ, ia]	17
[u, ė, i, e]	[u, ė́, i, e]	3
[a, iai]	[ã, iai]	1
[a, en, ą]	[ã, en, ą]	2
[e, a, au, ę]	[e, a, aũ, ę]	1
[a, a, y, i, e]	[a, a, ý, i, e]	1
[a, a, ia, au]	[a, a, ia, aũ]	1
[ei, i]	[éi, i]	2
[a, y, ę]	[a, ỹ, ę]	1
[a, u, i, ė]	[a, ù, i, ė]	1
[au, e, į]	[au, è, į]	1
[e, i, a]	[è, i, a]	1
[an, y]	[an, ý]	1
[al, i, a, e]	[ál, i, a, e]	1
[a, y, iu]	[a, ỹ, iu]	1
[a, im, a]	[à, im, a]	1
[au, a, am]	[au, a, ám]	1
[u, o, in, a]	[u, õ, in, a]	1
[i, a, o, e]	[i, ã, o, e]	1
[į, a, o, o, i]	[į, ã, o, o, i]	1
[u, a, ia, o]	[u, a, iã, o]	2
[ie, i, ą]	[ie, ì, ą]	1
[į, y, u]	[į, y, ù]	4
[e, e, i]	[e, è, i]	5
[i, a, i]	[ì, a, i]	10
[a, el]	[a, él]	4
[e, er]	[e, ér]	1
[i, a, iau]	[ì, a, iau]	1
[a, au, i, ia, e]	[a, au, ì, ia, e]	1
[i, i, u]	[ì, i, u]	13
[a, iel, iau]	[a, iel̃, iau]	1
[im, ą, a]	[im, ą́, a]	1
[ė, o]	[ė́, o]	9
[i, i, u]	[i, i, ù]	6
[u, i, ū, i, ę]	[u, i, ū́, i, ę]	1
[oo, o, i, o]	[oo, ò, i, o]	3
[ė, a]	[ė, à]	76
[al, ė, au, i]	[al, ė́, au, i]	1
[ū, e, ių]	[ū̃, e, ių]	2
[ur, i, a]	[ur̃, i, a]	2
[a, i, in, i]	[a, i, iñ, i]	1
[e, i, ei]	[e, i, éi]	1
[a, au, ia]	[a, au, ià]	1
[au, y, i]	[au, ý, i]	4
[i, o, iu, i]	[ì, o, iu, i]	1
[a, iam]	[a, iam̃]	1
[a, a, iu]	[a, ã, iu]	3
[i, er, i]	[i, er, ì]	2
[u, i, er, i, e, e]	[u, i, er, i, e, è]	1
[e, ir, i]	[e, ir, ì]	1
[uė, ai]	[uė, aĩ]	1
[a, a, ai]	[a, ã, ai]	4
[ai, ei]	[ái, ei]	2
[a, ei, i, a]	[a, éi, i, a]	1
[u, i, ir, i, e]	[u, i, ir, i, è]	1
[ar, a]	[ár, a]	9
[ai, i, in, ui]	[aĩ, i, in, ui]	1
[a, ė, u, e]	[a, ė́, u, e]	3
[u, i, ei, o]	[u, i, éi, o]	1
[e, ė, io, i, e]	[e, ė, ió, i, e]	1
[ie, am]	[iẽ, am]	3
[i, i, e, u]	[i, ì, e, u]	2
[e, a]	[ẽ, a]	33
[e, a, ei, ia]	[e, a, éi, ia]	1
[i, a, iai]	[i, a, iaĩ]	1
[am, a]	[am̃, a]	9
[ė, in, a]	[ė, ìn, a]	2
[un, ė, i]	[ùn, ė, i]	3
[a, u, u, o]	[a, u, ù, o]	1
[ai, ų]	[ai, ų̃]	17
[o, y, ai]	[o, ỹ, ai]	2
[uei, i, e]	[ueĩ, i, e]	1
[ie, u, a]	[ie, u, à]	3
[o, ėm]	[o, ė́m]	2
[ei, a, a, o]	[ei, a, ã, o]	1
[i, y, ų]	[i, ỹ, ų]	1
[i, y, o]	[i, ỹ, o]	3
[an, a, ie, į]	[an, ã, ie, į]	1
[al, ė]	[al, ė̃]	1
[o, e, ė]	[o, ẽ, ė]	1
[e, u, ė, um]	[e, u, ė́, um]	4
[a, an, a]	[ã, an, a]	11
[a, ei, i, e]	[a, éi, i, e]	1
[e, y, e, ių]	[e, y, e, ių̃]	3
[o, i, ė]	[õ, i, ė]	1
[al, o, a, a]	[al, ó, a, a]	1
[ie, in, e, ė]	[ie, iñ, e, ė]	3
[e, en]	[e, én]	1
[e, i, iu]	[è, i, iu]	1
[au, i, o]	[au, ì, o]	1
[iai]	[iaĩ]	1
[ea, o, o]	[ea, ó, o]	1
[au, e, i]	[au, è, i]	3
[a, iil, au]	[a, iìl, au]	1
[er, ių]	[er, ių̃]	1
[į, au]	[į, aũ]	1
[u, ė, ų]	[u, ė́, ų]	9
[o]	[ó]	30
[i, i, i, ę]	[i, i, ì, ę]	4
[e, i, au, o, i]	[e, i, aũ, o, i]	1
[au, in, a]	[au, ìn, a]	4
[ir, ė]	[ìr, ė]	1
[au, o, u, o]	[au, o, ù, o]	2
[e, i, ai]	[e, i, aĩ]	6
[e, i, o, e]	[e, ì, o, e]	1
[ir, ę]	[ir̃, ę]	1
[a, į, a, e]	[a, į́, a, e]	1
[un, e, i, i]	[uñ, e, i, i]	2
[a, e, an, a]	[a, e, án, a]	1
[an, iui]	[añ, iui]	1
[el, e]	[él, e]	1
[e, au, o]	[e, aũ, o]	3
[ė, į]	[ė̃, į]	8
[ar, e]	[ár, e]	4
[u, im, o]	[u, im̃, o]	1
[i, a, ė, o]	[i, a, ė́, o]	1
[ur, i, o, e]	[ur̃, i, o, e]	3
[a, ė, ų]	[a, ė́, ų]	4
[uė, ę]	[uė̃, ę]	1
[am, iai]	[am̃, iai]	1
[au, ė, e]	[áu, ė, e]	1
[a, au, in, i]	[a, aũ, in, i]	1
[u, i, ai, io, ę]	[u, i, ái, io, ę]	1
[in, a, a, i]	[iñ, a, a, i]	1
[u, im]	[u, ìm]	1
[a, i, ų]	[a, i, ų̃]	1
[u, i, o, i, e]	[u, i, ó, i, e]	1
[e, ū, y]	[e, ū, ý]	1
[e, er, ė]	[è, er, ė]	1
[o, ią]	[ó, ią]	8
[a, e, u]	[à, e, u]	2
[e, iau]	[e, iaũ]	6
[ie, au]	[ie, aũ]	2
[ai, e, ė, e]	[ai, ẽ, ė, e]	2
[a, ai, ei]	[a, ái, ei]	1
[e, ei, ia]	[e, éi, ia]	3
[į, y]	[į̃, y]	1
[ar, a, i, ą]	[ar, a, ì, ą]	1
[a, io, a, i, iuo, e]	[a, io, ã, i, iuo, e]	1
[a, o, i, o, e]	[a, ò, i, o, e]	6
[uo, e, ą]	[úo, e, ą]	1
[i, o, o, e, i, e]	[i, o, o, è, i, e]	1
[ai, uo, o, a]	[ai, úo, o, a]	3
[er, ai, ų]	[ér, ai, ų]	3
[e, a, ei, i, e]	[e, a, éi, i, e]	1
[an]	[añ]	92
[u, i, o, au]	[u, i, ó, au]	1
[a, ū, a]	[a, ū, à]	2
[ie, in, ai]	[íe, in, ai]	1
[ir, a, ie, io]	[ir, ã, ie, io]	2
[o, i, a]	[o, i, à]	1
[i, ų]	[i, ų̃]	9
[in, e, e, ą]	[in, e, è, ą]	1
[u, u, u, i]	[u, ù, u, i]	1
[iu, o]	[iù, o]	1
[o, i, i, ą]	[o, ì, i, ą]	2
[e, ia, e]	[ẽ, ia, e]	2
[ur, a]	[ur̃, a]	1
[e, e, a, i, i, i]	[e, e, a, ì, i, i]	1
[a, ū, a, iai]	[a, ū, a, iaĩ]	1
[i, u, uo, i]	[i, u, úo, i]	1
[in, or, a, i, o]	[in, or, ã, i, o]	4
[eu, a, o]	[eù, a, o]	1
[u, a, iau]	[u, a, iaũ]	1
[a, e, o, ą]	[a, e, ò, ą]	1
[a, i, į]	[a, ì, į]	3
[au, ie, o]	[au, íe, o]	1
[au, o, u, u]	[au, o, u, ù]	1
[o, e, a, o]	[o, e, ã, o]	1
[i, io, ai]	[i, iò, ai]	1
[or, a]	[òr, a]	7
[y, i, iu]	[y, i, iù]	1
[o, i, in, u]	[ó, i, in, u]	1
[am, i]	[am̃, i]	1
[i, o, e]	[i, o, è]	3
[o, e, e]	[o, e, è]	1
[a, a, ų]	[a, a, ų̃]	3
[er, a, o]	[ér, a, o]	1
[a, iū, y, u]	[a, iū́, y, u]	3
[u, au, in, a]	[u, au, ìn, a]	1
[io]	[iõ]	29
[e, a, iu]	[e, a, iù]	36
[a, ū, ą]	[a, ū̃, ą]	2
[y, a, ą]	[y, ã, ą]	1
[an, e, y, e]	[an, e, ý, e]	1
[u, ė, in, a]	[u, ė, ìn, a]	1
[o, en, i, a]	[o, eñ, i, a]	1
[i, o, iu]	[i, ó, iu]	1
[ei, u]	[éi, u]	14
[u, al, ė]	[u, ál, ė]	7
[e, u, e]	[e, u, è]	1
[y, i, i]	[y, ì, i]	1
[a, e, i, ių]	[a, e, ì, ių]	1
[au, io]	[aũ, io]	4
[a, ai]	[ã, ai]	20
[e, o, ą]	[e, o, ą̃]	1
[au, ė, e, į]	[au, ė́, e, į]	1
[ie, uo, i, o]	[ie, úo, i, o]	1
[ar, ie, iai]	[ar, iẽ, iai]	1
[u, i, y, o, o]	[u, i, y, ó, o]	1
[ie]	[iẽ]	177
[a, ų]	[a, ų̃]	17
[e, ū, i, a]	[e, ū, ì, a]	1
[i, į]	[ì, į]	3
[į, ei, i]	[į, ei, ì]	2
[ū, ą]	[ū̃, ą]	1
[u, ė, o]	[u, ė́, o]	21
[uė, o, e]	[uė̃, o, e]	1
[im, a]	[im̃, a]	1
[iu, ą]	[iù, ą]	4
[o, a, o]	[o, a, õ]	1
[e, y, a]	[e, y, à]	1
[er]	[er̃]	64
[e, io, u]	[e, io, ù]	1
[u, ie, į]	[ù, ie, į]	5
[u, o, ė]	[u, o, ė̃]	1
[u, ai, io, au]	[u, ái, io, au]	2
[į, ė, a]	[į̃, ė, a]	1
[a, ei, o]	[a, ei, õ]	1
[e, en, ia]	[e, eñ, ia]	5
[en, i, a]	[en, ì, a]	2
[au, u, u]	[au, u, ù]	1
[iū, ė, o]	[iū, ė́, o]	2
[o, ė, u, ė, e]	[o, ė́, u, ė, e]	1
[ei, o]	[ei, õ]	6
[a, ia, o, iau]	[a, iã, o, iau]	1
[u, u, i]	[ù, u, i]	2
[e, er, i, a]	[e, er̃, i, a]	1
[ių]	[ių̃]	5
[a, uo, ė, e]	[à, uo, ė, e]	1
[i, o, i]	[i, o, ì]	10
[a, a, u, a]	[a, a, ù, a]	1
[el, ė, i]	[él, ė, i]	1
[e, ą, i, in, a]	[e, ą, i, ìn, a]	1
[u, ė]	[ù, ė]	11
[o, ė, um]	[o, ė́, um]	8
[e, u, i]	[e, u, ì]	1
[a, a, i, o, e]	[a, ã, i, o, e]	1
[ar, a, o, e]	[ar, ã, o, e]	1
[ei, in, u, a]	[ei, in, ù, a]	1
[on, o, ę]	[on, ò, ę]	1
[a, ū, a, u]	[a, ū, a, ù]	1
[e, a, in, a]	[e, a, iñ, a]	12
[i, o, an, o]	[i, o, añ, o]	1
[a, i, io]	[a, ì, io]	1
[y, a, in, ą]	[y, a, ìn, ą]	1
[a, i, y, i]	[a, i, ý, i]	1
[u, o, i]	[u, o, ì]	7
[ai, o, a]	[aĩ, o, a]	1
[ė, in, u, ą]	[ė, in, ù, ą]	1
[au, i, ą]	[au, ì, ą]	1
[u, i, in, u]	[u, i, in, ù]	1
[er, iu, a]	[er, iù, a]	14
[ė, a, e]	[ė́, a, e]	1
[a, ai, iuo]	[a, ai, iúo]	1
[au, o, u, ą]	[au, o, ù, ą]	5
[a, ia]	[a, ià]	11
[į, i, ai, uo, i]	[į, i, ai, úo, i]	3
[i, a, y]	[i, a, ý]	1
[o, ė]	[o, ė̃]	1
[en, e, io]	[en, ẽ, io]	1
[o, y, a]	[o, ý, a]	3
[a, ei, ą]	[ã, ei, ą]	2
[e, a, ie, iu]	[e, ã, ie, iu]	1
[o, an, ą]	[o, án, ą]	1
[im, or, uo, a]	[im, or, úo, a]	1
[o, a, o, i]	[o, a, o, ì]	1
[o, e, į]	[ò, e, į]	1
[ai, u]	[ai, ù]	18
[u, ū, iau]	[u, ū́, iau]	1
[ar, ui]	[ar̃, ui]	1
[e, ei, iu]	[e, éi, iu]	1
[an, ū, ų]	[an, ū̃, ų]	7
[u, i, a, i, o, e]	[u, i, a, ì, o, e]	1
[ei, e]	[ei, è]	1
[e, u, ia]	[ẽ, u, ia]	4
[ė, i, ą]	[ė, ì, ą]	3
[am, o, e]	[am, o, è]	3
[i, ą, e]	[ì, ą, e]	1
[ir, ū, ė]	[ir, ū́, ė]	1
[a, y, ė, o]	[a, y, ė́, o]	1
[ar, uo, u, e]	[ar, uo, u, è]	1
[o, e, ų]	[ó, e, ų]	3
[e, ė, i]	[e, ė̃, i]	1
[o, i, o]	[o, ì, o]	1
[o, i, o]	[o, i, ò]	1
[uo, o, iu]	[úo, o, iu]	3
[e, o, ė]	[e, ò, ė]	1
[į, o, i]	[į, o, ì]	2
[ir, į]	[ìr, į]	3
[e, e, o, a]	[e, e, ò, a]	6
[u, en, u]	[u, en, ù]	1
[u, au, y, a]	[u, au, ý, a]	1
[a, iu, ą]	[a, iù, ą]	3
[a, e, a]	[à, e, a]	7
[u, u, į]	[u, ù, į]	20
[į, ar, ių]	[į́, ar, ių]	1
[u, e, o]	[u, ẽ, o]	6
[ie, ie, a]	[ie, íe, a]	7
[a, a, į]	[ã, a, į]	1
[į, ė, i, o]	[į, ė, ì, o]	1
[e, u]	[e, ù]	129
[ar, ą]	[ar̃, ą]	46
[o, ė]	[õ, ė]	1
[iam]	[iám]	1
[au, i, y]	[au, i, ỹ]	7
[au, ių]	[aũ, ių]	1
[a, o]	[a, ó]	1
[al, a, i]	[al̃, a, i]	1
[u, i, a, in, i]	[u, i, a, ìn, i]	2
[er, au, ė]	[ér, au, ė]	1
[uo, e]	[uo, è]	3
[ar, a, a, į]	[ar, ã, a, į]	2
[iau, i, į]	[iau, ì, į]	1
[o, i, i, in, ai]	[o, ì, i, in, ai]	1
[u, e, iu]	[ù, e, iu]	2
[iu, ė, ių]	[iu, ė̃, ių]	1
[al, a, a]	[al, a, à]	1
[u, a, io]	[ù, a, io]	1
[u, į]	[ù, į]	14
[i, io, e, a]	[i, io, e, à]	2
[u, o]	[u, õ]	1
[er, a]	[er̃, a]	9
[au, u, o]	[au, ù, o]	1
[a, i, an, ė]	[a, i, añ, ė]	1
[a, i, ei, i, i, ai]	[a, i, éi, i, i, ai]	1
[au, i, y, e]	[au, i, y, è]	1
[im, a, ie, į]	[im, ã, ie, į]	2
[e, e, i, o, iau]	[e, e, ì, o, iau]	4
[a, i, i, o]	[a, i, ì, o]	1
[a, i, e, i]	[a, i, è, i]	5
[u, a, y]	[u, a, ý]	3
[on, er, ą]	[on, er̃, ą]	2
[ar, a, i, ui]	[ar, a, ì, ui]	1
[au, o, o, i, į]	[au, o, o, ì, į]	22
[a, y]	[a, ỹ]	8
[a, o, ė]	[a, õ, ė]	5
[i, o, a]	[i, õ, a]	1
[am, o, o, i]	[am̃, o, o, i]	1
[o, i, on, e]	[o, i, òn, e]	2
[u, i, a, iau]	[u, ì, a, iau]	1
[i, o, i, ė, e]	[i, ó, i, ė, e]	4
[al, u, ą]	[al, ù, ą]	1
[a, e, a, i, a]	[a, e, ã, i, a]	1
[ie, u]	[ie, ù]	22
[om, iu, e, iu]	[om, iù, e, iu]	3
[am, in]	[am̃, in]	1
[a, i, u, i]	[a, ì, u, i]	1
[e, ią]	[ẽ, ią]	10
[ie, o, a, a]	[ie, ó, a, a]	1
[e, e, i, ė]	[e, e, ì, ė]	1
[a, ai, au, a]	[a, ai, áu, a]	1
[ū, i, į]	[ū̃, i, į]	3
[al, u, y, ų]	[al, u, ý, ų]	1
[o, an, i, o]	[o, án, i, o]	2
[a, a, y]	[a, a, ỹ]	5
[a, uo, e]	[a, uo, è]	7
[ar, o, a, i]	[ar, ó, a, i]	1
[ė, u, u]	[ė, u, ù]	1
[ai, iau]	[ai, iaũ]	3
[ai, a, e]	[ai, ã, e]	2
[e, ei, ia]	[e, eĩ, ia]	6
[al, i, a]	[al, i, à]	2
[uo, i]	[uo, ì]	8
[e, al, ė]	[e, al̃, ė]	1
[a, u, ia, o]	[a, u, iã, o]	3
[y, a, ų]	[y, ã, ų]	1
[o, in, a]	[o, ìn, a]	1
[uo, au, o]	[úo, au, o]	1
[i, i, a, i, i, a]	[i, i, ã, i, i, a]	1
[a, i, in, a]	[a, i, iñ, a]	2
[a, i, a, ė]	[a, i, ã, ė]	15
[el, i]	[él, i]	2
[an, į]	[añ, į]	1
[el, a, au, i]	[él, a, au, i]	2
[a, ė, a, i, ą]	[a, ė, ã, i, ą]	1
[e, a, ė, um]	[e, a, ė́, um]	1
[y, ū, ai]	[y, ū̃, ai]	5
[e, i]	[ẽ, i]	8
[u, i, a, y, i]	[u, i, a, ý, i]	1
[il, o]	[il̃, o]	6
[a, ir, in, a]	[a, ìr, in, a]	1
[e, a, uo, a]	[e, à, uo, a]	1
[ur, in, a]	[ur, ìn, a]	3
[il, ė, i]	[il, ė́, i]	2
[a, en, a]	[à, en, a]	1
[uo, ai, a]	[úo, ai, a]	1
[a, ė, i, ai]	[a, ė́, i, ai]	1
[a, a, i, ių]	[a, ã, i, ių]	1
[e, u, ir]	[e, u, ir̃]	1
[y, y, o, u]	[ý, y, o, u]	1
[o, a, e]	[ó, a, e]	3
[a, e, i]	[à, e, i]	2
[an, uo, io]	[añ, uo, io]	1
[y, i, i]	[y, i, ì]	1
[u, ei, i, e]	[u, eĩ, i, e]	1
[a, uo, i]	[a, uo, ì]	3
[i, ui]	[ì, ui]	1
[uo, o, e]	[úo, o, e]	1
[į, y, į]	[į́, y, į]	1
[ai, y]	[ai, ý]	5
[el, o, o]	[el, ó, o]	4
[i, ia]	[i, ià]	4
[e, a, i, ių]	[e, a, ì, ių]	1
[in, o, e, i, ą]	[in, o, è, i, ą]	1
[u, a, iuo]	[u, a, iuõ]	1
[u, au, a]	[ù, au, a]	2
[e, o, u]	[e, o, ù]	3
[o, o, a, a]	[o, o, ã, a]	4
[ei, ė, a, į]	[ei, ė́, a, į]	1
[u, i, e, ė]	[u, ì, e, ė]	2
[am, a, ių]	[am, a, ių̃]	1
[in, i, o, e]	[ìn, i, o, e]	1
[a, i, i, ų]	[a, i, ì, ų]	1
[e, ū]	[e, ū́]	2
[o, o, o]	[ò, o, o]	1
[au, ų, i]	[aũ, ų, i]	1
[o, u, į]	[ó, u, į]	1
[au, ian, į]	[áu, ian, į]	1
[a, i, o]	[a, i, ó]	1
[a, al, ė]	[a, ál, ė]	5
[ie, o, e]	[iẽ, o, e]	13
[ai, ė]	[ai, ė̃]	5
[į]	[į̃]	351
[eu, uo, a]	[eu, úo, a]	1
[a, u, ė]	[a, u, ė́]	3
[e, u, i, o]	[e, u, ì, o]	1
[ir, a, i]	[ir, à, i]	1
[u, u, i, į]	[u, u, ì, į]	1
[al, ų]	[al, ų̃]	6
[en, ai]	[en, aĩ]	9
[u, au, i, o]	[u, au, ì, o]	3
[a, a, a, o, o]	[a, ã, a, o, o]	6
[a, o, o, e]	[a, o, o, è]	1
[e, i, i, e, u]	[e, i, ì, e, u]	2
[a, ė, o]	[a, ė́, o]	21
[e, a, i]	[e, ã, i]	26
[y, e, an, y]	[y, ẽ, an, y]	1
[u, au, o, o, e]	[u, au, ó, o, e]	1
[a, in, ė, o]	[a, in, ė́, o]	4
[e, i, au, ai]	[e, i, au, aĩ]	1
[e, ų, ų]	[e, ų̃, ų]	1
[a, ai, y]	[a, ai, ý]	2
[ur, ū]	[ur, ū́]	5
[i, o]	[i, ó]	1
[u, e, iau]	[ù, e, iau]	1
[al, ė]	[ál, ė]	2
[iai]	[iái]	1
[ie, ų]	[ie, ų̃]	12
[e, y, ų]	[e, ý, ų]	1
[en, e, o]	[eñ, e, o]	1
[ie, a, i]	[ie, a, ì]	2
[i, u, am, ių]	[i, ù, am, ių]	1
[o, u, u]	[o, u, ù]	1
[a, o, u]	[a, o, ù]	4
[i, uo, a]	[i, úo, a]	1
[i, ai, y, ų]	[i, ai, ý, ų]	2
[o, uo, į]	[ó, uo, į]	7
[o, o]	[ó, o]	44
[o, y, o, ų]	[ó, y, o, ų]	1
[u, u, i, iu]	[u, u, i, iù]	2
[a, uo, ia, e, im]	[a, úo, ia, e, im]	1
[u, e, er, a, au]	[u, e, er, a, aũ]	1
[o, ų]	[ó, ų]	5
[a, i, ė, o, e]	[a, i, ė́, o, e]	1
[a, i, i, au]	[a, i, i, aũ]	1
[o, y, o, o]	[ó, y, o, o]	1
[an, a]	[an, à]	9
[i, en, iau]	[i, én, iau]	1
[a, au, i, e]	[a, áu, i, e]	1
[ai, uo, i]	[ai, úo, i]	6
[a, am, i, o]	[a, am̃, i, o]	3
[ū, u]	[ū́, u]	6
[ė, u, ą]	[ė, ù, ą]	1
[en, ė, i]	[én, ė, i]	1
[a, i, au]	[a, i, aũ]	4
[iū, ė, a, a]	[iū, ė́, a, a]	1
[i, i, ai, y, ų]	[i, i, ái, y, ų]	1
[i, o, ė]	[i, ó, ė]	1
[į, i, er, ė]	[į, ì, er, ė]	1
[u, ei, a]	[ù, ei, a]	4
[er, au, i]	[ér, au, i]	3
[e, iai]	[e, iaĩ]	4
[ie, ai]	[ie, aĩ]	1
[ei, a, u]	[eĩ, a, u]	1
[am, o]	[am, õ]	4
[o, in, į]	[ó, in, į]	1
[u, au, iau]	[u, áu, iau]	1
[au, a]	[aũ, a]	28
[e, e, o]	[e, ẽ, o]	1
[u, iim]	[u, iim̃]	1
[e, y, uo, a]	[e, y, úo, a]	1
[i, il, ė]	[i, ìl, ė]	3
[al, iu]	[ál, iu]	1
[au, iau]	[áu, iau]	6
[a, y, a]	[a, ỹ, a]	8
[a, a, a, o]	[a, ã, a, o]	2
[au, i]	[áu, i]	2
[i, a, e]	[i, a, è]	8
[o, i, i]	[ó, i, i]	1
[il, i, i, a, e]	[il̃, i, i, a, e]	1
[o, y, u]	[o, ý, u]	3
[o, u]	[o, ù]	30
[u, o, o]	[u, ó, o]	6
[i, y, i]	[ì, y, i]	1
[e, ė]	[e, ė́]	1
[o, uo, iai]	[o, uo, iaĩ]	5
[al, uo, e]	[al, uo, è]	1
[e, e, ė, o]	[e, e, ė́, o]	1
[u, o, ų]	[u, ó, ų]	1
[ian, ien]	[iañ, ien]	29
[il, ų]	[ìl, ų]	2
[il, o]	[ìl, o]	12
[an, o, ai, i]	[an, ó, ai, i]	1
[an, i, o]	[án, i, o]	1
[en, a, e]	[eñ, a, e]	1
[ie, a, e]	[ie, a, è]	1
[a, au, i]	[a, áu, i]	5
[au, au, i]	[au, aũ, i]	2
[u, i, u, y, i]	[u, i, u, ý, i]	3
[e, a, ie, i]	[e, ã, ie, i]	4
[i, e, a]	[i, e, à]	4
[a, a, y, ė]	[a, a, ý, ė]	1
[u, en, a]	[u, eñ, a]	3
[i, au]	[i, aũ]	15
[a, i, o, o]	[a, i, ó, o]	1
[ai, y, ų]	[ai, ý, ų]	1
[y, a]	[ỹ, a]	660
[y, iau]	[ỹ, iau]	1
[a, ir, o, e]	[a, ir̃, o, e]	2
[ė, i, e]	[ė́, i, e]	1
[o, iu]	[o, iù]	7
[u, a, y, ian, io]	[u, a, ý, ian, io]	1
[om, iu, e, i]	[om, iù, e, i]	3
[e, e, ia]	[ẽ, e, ia]	1
[a, i, ū, in]	[a, i, ū́, in]	1
[a, ei, ė, o]	[a, ei, ė́, o]	1
[i, i, au, ė]	[i, i, áu, ė]	2
[i, ė, ė]	[ì, ė, ė]	1
[i, a, ą]	[i, ã, ą]	7
[en, ė]	[eñ, ė]	2
[e, in, ą]	[e, iñ, ą]	6
[u, e, i, e]	[u, è, i, e]	1
[a, e, ių]	[a, e, ių̃]	1
[e, i, o, au]	[e, i, ó, au]	3
[o, ė, ie, i, ą]	[o, ė, iẽ, i, ą]	1
[i, i, au, in, i]	[i, i, au, ìn, i]	1
[aė, ė]	[àė, ė]	5
[au, e]	[áu, e]	1
[eie, o]	[eíe, o]	1
[o, i, e]	[ó, i, e]	8
[a, y, in]	[a, ý, in]	2
[i, a, į, a, e]	[i, a, į́, a, e]	1
[a, y, iu]	[ã, y, iu]	1
[a, o, o]	[a, ó, o]	19
[e, ie]	[e, iẽ]	1
[a, y, iui]	[ã, y, iui]	1
[e, or, e, iam]	[e, òr, e, iam]	1
[en, ia, a]	[en, ia, à]	1
[u, i, ė, iai]	[u, ì, ė, iai]	1
[ai, ū]	[aĩ, ū]	1
[a, e, i, o]	[a, è, i, o]	1
[a, i, e, iau]	[a, ì, e, iau]	2
[a, i, e, a]	[a, ì, e, a]	7
[e, ių]	[e, ių̃]	6
[o, a, a]	[ó, a, a]	1
[un, iau]	[un, iaũ]	1
[u, i, ir, iau]	[u, i, ir̃, iau]	2
[ir, yn]	[ir, ỹn]	2
[ai, o]	[aĩ, o]	52
[ea, ą]	[eã, ą]	2
[i, e, i, a]	[i, è, i, a]	1
[a, i, į]	[ã, i, į]	6
[a, iuo, u]	[a, iúo, u]	1
[ei, iau, ia]	[ei, iáu, ia]	1
[a, in, o]	[a, in, õ]	1
[a, am]	[a, am̃]	1
[o, ių]	[ó, ių]	2
[u, a, ų]	[ù, a, ų]	2
[e, o, ė, i]	[e, o, ė́, i]	1
[en, i, e]	[én, i, e]	1
[y, e, o]	[y, ẽ, o]	7
[er, iu]	[er̃, iu]	4
[u, i, a, in]	[u, i, a, ìn]	1
[a, ir, o]	[a, ir̃, o]	5
[au, ie, o]	[áu, ie, o]	1
[y, iai]	[ỹ, iai]	1
[ai, o, i]	[aĩ, o, i]	3
[ar, io]	[ar̃, io]	1
[a, au, o]	[a, au, õ]	1
[a, o, a, u]	[a, o, a, ù]	3
[il, o, i]	[il, ó, i]	1
[ir, ą]	[ir̃, ą]	1
[į, a, o, a]	[į, ã, o, a]	1
[ė, ia, ą]	[ė̃, ia, ą]	1
[a, ai, o]	[a, aĩ, o]	1
[i, u, y]	[i, u, ỹ]	2
[u, e]	[u, è]	7
[al, ą]	[al̃, ą]	16
[au, o, ą]	[au, ó, ą]	3
[a, in, ių]	[a, in, ių̃]	1
[a, i, ir, o]	[a, i, ir̃, o]	1
[ė, ę]	[ė́, ę]	1
[o, o, a, ė]	[o, o, ã, ė]	1
[e, i, in, u]	[ẽ, i, in, u]	1
[ar]	[ar̃]	321
[i, i, e]	[i, ì, e]	1
[ai, i, ai]	[ai, ì, ai]	3
[e, i, o, ai]	[e, i, ó, ai]	1
[uo, e, io]	[uo, ẽ, io]	9
[y, y, ų]	[y, ý, ų]	1
[e, a, iuo, a]	[e, a, iúo, a]	1
[ei, ia]	[eĩ, ia]	50
[u, un, i]	[u, un, ì]	1
[o, i, a]	[ó, i, a]	19
[a, a, i, a]	[a, a, ì, a]	1
[an, ą]	[án, ą]	29
[a, i, a, a]	[a, i, ã, a]	1
[a, an, ė, e]	[a, añ, ė, e]	1
[a, a, o, ių]	[a, a, õ, ių]	1
[o, i, ą]	[o, ì, ą]	2
[ar, e]	[ar, è]	1
[au, uo, e]	[au, uo, è]	1
[y, a]	[y, à]	27
[a, iuo, i]	[a, iúo, i]	6
[a, a, ė]	[a, ã, ė]	54
[ou, a]	[òu, a]	1
[i, y, a]	[ì, y, a]	1
[a, o, i]	[ã, o, i]	2
[a, au, iau]	[a, aũ, iau]	3
[au, o, i]	[aũ, o, i]	1
[a, a, ie, ei]	[a, a, iẽ, ei]	3
[un, i, e]	[un, i, è]	2
[i, ur, a, į]	[i, ùr, a, į]	1
[a, el, i, ą]	[a, el, ì, ą]	1
[a, i, al, ė, i]	[a, i, al, ė́, i]	8
[a, ar, um]	[a, ar̃, um]	1
[u, i, y, u, i]	[u, i, ý, u, i]	1
[i, o, o, u]	[i, o, o, ù]	2
[o, i, i, in, ė]	[o, ì, i, in, ė]	1
[u, an, io, o]	[u, án, io, o]	1
[e, ia, e, im]	[ẽ, ia, e, im]	1
[ui, u]	[ui, ù]	10
[a, au, iau]	[a, áu, iau]	2
[i, in, in, a]	[i, in, ìn, a]	1
[io, e, i, i]	[io, è, i, i]	2
[į, a]	[į̃, a]	2
[e, ai, y, a, i]	[e, ai, y, a, ì]	1
[e, a, i, o]	[e, a, ì, o]	3
[el, iu]	[él, iu]	1
[in]	[iñ]	2
[e, a, e, u]	[e, à, e, u]	1
[e, u, i, ę]	[e, ù, i, ę]	1
[a, ar, i]	[a, ar, ì]	3
[uo, i]	[uõ, i]	1
[u, i, ir, o, e]	[u, i, ir̃, o, e]	1
[y, i]	[ỹ, i]	2
[e, en, i, e]	[e, én, i, e]	1
[in, i, o]	[ìn, i, o]	2
[au, o]	[au, õ]	1
[a, am, in, i]	[a, am̃, in, i]	2
[a, ei, ė]	[a, éi, ė]	1
[ū, iau]	[ū́, iau]	7
[ar, uo, i]	[ar, úo, i]	1
[a, e, i, o, e]	[a, è, i, o, e]	4
[in, er, e, o]	[in, er, è, o]	1
[ar, i, ų]	[ar, i, ų̃]	1
[a, ia, ų]	[ã, ia, ų]	1
[u, a, u, a, iai]	[u, a, u, ã, iai]	1
[o, į]	[õ, į]	11
[ei, o, i]	[ei, ó, i]	1
[u, u, ei]	[u, u, eĩ]	1
[a, ei, i]	[a, ei, ì]	14
[e, ai, i]	[e, ai, ì]	1
[i, i, a]	[i, ì, a]	8
[u, e, i, o]	[u, ẽ, i, o]	2
[ai, y, ių]	[ai, ý, ių]	1
[iim, i]	[iim, ì]	1
[ei, i]	[ei, ì]	35
[a, en]	[a, eñ]	1
[a, y, i, i, a]	[a, ý, i, i, a]	1
[a, in, y, ių]	[a, in, ý, ių]	1
[a, a, i, o]	[a, ã, i, o]	1
[o, e, i, a]	[o, è, i, a]	1
[u, i, ir, i]	[u, i, ir̃, i]	14
[a, o, ė]	[a, ò, ė]	1
[a, iū, ė, u]	[a, iū, ė́, u]	1
[ar, y, ų]	[ar, ý, ų]	1
[i, o, au]	[i, ó, au]	8
[ar, i]	[ar, ì]	7
[u, iui]	[ù, iui]	1
[o, ie, i, ą]	[o, ie, ì, ą]	2
[e, er, a]	[e, er̃, a]	1
[į, i, y, i, e]	[į, i, ý, i, e]	1
[e, e, į]	[ẽ, e, į]	5
[om, a]	[òm, a]	1
[e, im, ą]	[e, im̃, ą]	1
[ai, i, į]	[ái, i, į]	1
[o, io]	[ó, io]	19
[aim]	[aim̃]	4
[ei, ė]	[éi, ė]	10
[o, uo, iu]	[ó, uo, iu]	4
[u, e, in, i]	[u, ẽ, in, i]	1
[o, ų]	[o, ų̃]	3
[o, ui]	[ó, ui]	3
[ie, an, į]	[iẽ, an, į]	1
[a, i, uo, u, i]	[a, i, uõ, u, i]	3
[i, iu, i, a]	[i, iù, i, a]	1
[e, a, ai]	[e, a, aĩ]	3
[o, o, o, o, ą]	[o, o, ò, o, ą]	1
[e, al, ė]	[e, al, ė́]	1
[a, a, y, ą]	[a, ã, y, ą]	3
[er, i, i]	[er̃, i, i]	1
[e, u, ė, o]	[e, u, ė́, o]	10
[ei, a, e]	[eĩ, a, e]	7
[y, i, u]	[y, i, ù]	1
[i, i, ė, i]	[i, i, ė́, i]	1
[o, ia, e]	[o, ia, è]	2
[i, a, ę]	[i, ã, ę]	1
[ar, e, io]	[ar, è, io]	1
[a, ei, au]	[a, éi, au]	1
[an, ų]	[án, ų]	21
[al, i, ų]	[al, ì, ų]	2
[u, io]	[u, iõ]	15
[i, uo]	[i, uõ]	1
[y, en, i]	[y, én, i]	20
[an, o]	[án, o]	8
[a, o, ų]	[a, o, ų̃]	3
[a, y, iau]	[a, ý, iau]	3
[al, i, o]	[al, ì, o]	6
[ė, u, io]	[ė, ù, io]	1
[e, an, iau]	[e, an, iaũ]	1
[e, ie, a]	[e, iẽ, a]	1
[e, i, o, ė]	[e, i, ó, ė]	2
[a, u, i]	[a, u, ì]	2
[e, e, ą]	[e, ẽ, ą]	1
[or]	[ór]	24
[u, a, i, ai]	[u, a, i, aĩ]	1
[e, e, o, ė]	[e, e, õ, ė]	1
[a, o, a]	[ã, o, a]	4
[a, iuo, a]	[a, iúo, a]	1
[ar, i, e, ū, o, e]	[ar, i, e, ū̃, o, e]	1
[a, i, e, i, ą]	[a, i, e, ì, ą]	1
[o, ai]	[o, aĩ]	3
[en, ia]	[eñ, ia]	2
[a, ė, uo, i]	[a, ė, úo, i]	7
[il, ą]	[ìl, ą]	8
[i, i, a]	[ì, i, a]	4
[o, i, o, ų]	[o, i, ò, ų]	3
[ur, i]	[ùr, i]	1
[en, a, ie, io]	[en, ã, ie, io]	2
[į, i]	[į̃, i]	2
[au, i, ą]	[áu, i, ą]	5
[ei, au]	[éi, au]	1
[u, i, ai]	[u, i, aĩ]	3
[eei, i]	[eei, ì]	1
[e, e, i, i, a]	[e, e, ì, i, a]	1
[el, ių]	[el, ių̃]	1
[a, i, a, au]	[a, i, a, aũ]	5
[e, i, i, u]	[e, ì, i, u]	1
[i, ū, o]	[i, ū́, o]	1
[u, ie, u]	[u, iẽ, u]	2
[u, e, io]	[u, ẽ, io]	1
[a, uo, i, o]	[a, uõ, i, o]	1
[al, o]	[al̃, o]	2
[o, ie, iu]	[õ, ie, iu]	3
[e, u, ė]	[e, ù, ė]	5
[a, e, i, ą]	[a, e, ì, ą]	2
[in, a]	[iñ, a]	11
[ū, i]	[ū́, i]	5
[au, ai, iu]	[au, ai, iù]	1
[a, u, i, io]	[a, u, ì, io]	1
[u, i]	[u, ì]	77
[ei]	[eĩ]	39
[e, ia, i]	[ẽ, ia, i]	9
[į, o, ė]	[į́, o, ė]	1
[ė, ą]	[ė́, ą]	4
[uo, o, u]	[uo, o, ù]	2
[a, i, uo]	[a, i, uõ]	2
[in, e]	[in, è]	1
[en, y, o]	[en, ý, o]	3
[ei, ia, i]	[éi, ia, i]	1
[a, i, o, i, ę]	[a, i, õ, i, ę]	1
[e, al, y]	[e, ál, y]	2
[a, i, ei, iau]	[a, ì, ei, iau]	1
[e, y, ą]	[e, ý, ą]	1
[ir, o]	[ir̃, o]	2
[i, o, i, ę]	[i, ó, i, ę]	9
[a, i, ai, ė]	[a, ì, ai, ė]	1
[aau, iai]	[aau, iaĩ]	1
[iū, ė, ų]	[iū, ė́, ų]	1
[i, io, e, o, e]	[i, io, è, o, e]	2
[ar, u]	[ár, u]	9
[a, a, au]	[a, a, aũ]	5
[o, i, y]	[o, i, ỹ]	4
[e, i, į]	[e, ì, į]	12
[e, o, u]	[e, ò, u]	1
[a, o, ė]	[à, o, ė]	8
[u, en, ė]	[u, én, ė]	4
[e, un, ė]	[e, ùn, ė]	1
[el, i]	[el̃, i]	1
[am, iau]	[ám, iau]	1
[a, in, a]	[a, iñ, a]	35
[ei, ė, a, iu]	[ei, ė́, a, iu]	2
[i, el, ė, i]	[i, él, ė, i]	2
[a, ir, i, i]	[a, ir, i, ì]	1
[a, o, e]	[ã, o, e]	12
[ei, a, i, o]	[ei, ã, i, o]	1
[a, i, o]	[a, ì, o]	19
[e, ai, a]	[è, ai, a]	1
[i, o, ia]	[i, ó, ia]	1
[u, e, y]	[ù, e, y]	1
[i, iar, in, i]	[i, iar̃, in, i]	1
[ar, a, i, ė]	[ar, ã, i, ė]	1
[ia, i, u]	[ia, i, ù]	2
[e, i, ę]	[ẽ, i, ę]	6
[ū]	[ū́]	3
[e, iom]	[e, iõm]	2
[ie, om]	[ie, õm]	2
[iū, au]	[iū́, au]	1
[ar, o, e]	[ar, o, è]	2
[a, a]	[a, à]	95
[el, ia]	[él, ia]	5
[ar, uo, u, ė]	[ar, uo, ù, ė]	3
[an, u, e]	[an, u, è]	1
[i, a, a]	[ì, a, a]	1
[e, o, a]	[è, o, a]	1
[e, ai, ė]	[e, aĩ, ė]	1
[u, ir, ai]	[u, ir, aĩ]	2
[im, or, uo, a, e]	[im, or, úo, a, e]	2
[a, au]	[a, aũ]	88
[ū, io]	[ū̃, io]	1
[ir, e, i]	[ir, ẽ, i]	1
[iū, in]	[iū̃, in]	1
[ai, iu]	[ai, iù]	6
[in, u, en, i, ę]	[in, u, eñ, i, ę]	1
[i, i, a, y, i]	[i, i, a, ý, i]	2
[u, iai]	[u, iaĩ]	3
[eu, o, ie, ių]	[eu, o, iẽ, ių]	1
[e, e, iu]	[ẽ, e, iu]	2
[į, o, u]	[į, o, ù]	6
[o, i, io]	[o, ì, io]	1
[ie, am]	[ie, ám]	3
[u, uo, ė]	[u, úo, ė]	1
[aai, in, iau]	[aái, in, iau]	1
[e, i]	[è, i]	1
[o, ie, ių]	[ó, ie, ių]	5
[a, ar, ę]	[a, ar̃, ę]	2
[e, a, a, ė]	[e, a, ã, ė]	4
[a, ė, um]	[a, ė́, um]	7
[ea, il]	[ea, il̃]	1
[i, e, o]	[i, è, o]	1
[au, a]	[áu, a]	20
[u, iun, iau]	[ù, iun, iau]	2
[e, a, ė, o, e]	[e, a, ė́, o, e]	3
[e, iel, iau]	[e, ìel, iau]	1
[a, iū, ė, i]	[a, iū, ė́, i]	2
[ai, am]	[ai, ám]	3
[e, i, ų]	[e, i, ų̃]	1
[uo, au, ą]	[úo, au, ą]	7
[e, u, im]	[e, ù, im]	1
[i, ai, ei]	[i, ai, eĩ]	1
[įei, a]	[įeĩ, a]	1
[i, o, ai]	[i, ó, ai]	1
[e, y, io]	[e, ý, io]	2
[u, uo, y, i]	[u, uõ, y, i]	1
[įei, an]	[įeĩ, an]	1
[a, e, iau]	[à, e, iau]	6
[a, il, y, i]	[a, ìl, y, i]	1
[i, iau, ia]	[i, iáu, ia]	5
[a, e, i]	[a, è, i]	2
[a, a, ė]	[ã, a, ė]	5
[a, e, i]	[a, e, ì]	6
[a, ia]	[ã, ia]	6
[er, i, ų]	[èr, i, ų]	1
[o, ė, i]	[ó, ė, i]	2
[u, i, o]	[ù, i, o]	10
[u, u, ė]	[u, ù, ė]	6
[ie, ė]	[iẽ, ė]	2
[i, i, i]	[ì, i, i]	1
[ie, o]	[íe, o]	37
[i, er, ė]	[ì, er, ė]	3
[a, au, a]	[a, áu, a]	1
[a, o, a, ę]	[a, o, ã, ę]	1
[a, y, au, an]	[a, y, áu, an]	1
[u, e, ę]	[u, ẽ, ę]	3
[a, a, a, o]	[a, a, ã, o]	1
[o, ą]	[ó, ą]	14
[ią]	[ią̃]	36
[ir, in, i]	[ir, ìn, i]	1
[al, an, ią]	[al̃, an, ią]	1
[a, i, au, o, i]	[a, i, au, ó, i]	2
[al, u]	[al, ù]	7
[a, iū, ė]	[a, iū́, ė]	2
[un, ia, i]	[ùn, ia, i]	1
[ai, uo, ių]	[ai, uõ, ių]	1
[e, i, uo, a]	[e, i, úo, a]	1
[e, ė, i, a]	[e, ė́, i, a]	2
[i, i, y, ė]	[i, i, ý, ė]	2
[u, i, i, o, e]	[u, i, ì, o, e]	1
[į, a, y, ai]	[į, ã, y, ai]	1
[ei, i, e]	[eĩ, i, e]	4
[ai, y, ę]	[ai, ỹ, ę]	1
[a, ir, au]	[a, ir, aũ]	7
[au, iai]	[aũ, iai]	5
[au, o, u, ų]	[au, o, ù, ų]	3
[al, o, ę]	[al, ó, ę]	1
[ie, u, iai]	[iẽ, u, iai]	1
[a, u, i, ių]	[a, u, ì, ių]	1
[ei, a, a]	[eĩ, a, a]	2
[ū, a]	[ū́, a]	10
[u, e, y, ų]	[u, e, ỹ, ų]	1
[am, i, au]	[am̃, i, au]	1
[im, ai]	[im, aĩ]	4
[į, a, iau]	[į̃, a, iau]	1
[er, in, e, io]	[er, in, è, io]	1
[u, iu, o]	[u, iù, o]	1
[a, i, iu]	[ã, i, iu]	6
[a, ai, ė]	[à, ai, ė]	1
[a, a, a]	[a, a, à]	1
[i, ir, i]	[i, ir, ì]	6
[ir, o, e]	[ìr, o, e]	1
[au, iuo, i]	[au, iúo, i]	2
[o, ie, ę]	[ó, ie, ę]	1
[y, u, a]	[y, ù, a]	2
[e, i]	[e, ì]	62
[o, a, i, i]	[o, ã, i, i]	1
[ei, ė]	[eĩ, ė]	3
[e, iai]	[ẽ, iai]	1
[ar, y, ą]	[ar, ý, ą]	1
[ei, iu]	[eĩ, iu]	2
[i, iuo, a, i]	[i, iúo, a, i]	2
[ie, o, i]	[ie, ó, i]	11
[a, uo]	[a, uõ]	8
[or, u]	[òr, u]	2
[i, a, i, a]	[i, ã, i, a]	1
[e, y, io, i, a]	[e, y, ió, i, a]	1
[ai, y, ių]	[ai, ỹ, ių]	1
[an, en]	[an, eñ]	19
[iu, in, o, e]	[iu, ìn, o, e]	1
[i, ai, a]	[i, ái, a]	1
[ir, au]	[ir, aũ]	2
[a, e, i, ą]	[a, è, i, ą]	3
[u, a, o]	[ù, a, o]	3
[ie, iu]	[ie, iù]	1
[u, ie]	[u, iẽ]	31
[a, ar, ą]	[ã, ar, ą]	1
[e, e, a, a]	[e, e, ã, a]	1
[u, i, o, i]	[u, i, ó, i]	5
[i, i, e]	[ì, i, e]	3
[a, au, o, i, e]	[a, áu, o, i, e]	1
[iė, iau]	[ìė, iau]	1
[e, ė, a]	[e, ė́, a]	11
[au, i, i, o]	[áu, i, i, o]	1
[a, ei, iu]	[a, eĩ, iu]	1
[e, e, i, o, ių]	[e, e, ì, o, ių]	7
[e, a, e, a]	[e, à, e, a]	1
[į, i, o]	[į, ì, o]	2
[o, i, i, ai]	[o, ì, i, ai]	6
[er, i]	[ér, i]	1
[a, y, ė, iu]	[a, y, ė́, iu]	2
[e, ė, a, a]	[e, ė́, a, a]	1
[ė]	[ė́]	1
[e, er, a, au]	[e, er, a, aũ]	1
[e, i, i, a]	[e, ì, i, a]	1
[e, e, o, i, iu]	[e, e, ò, i, iu]	1
[o]	[õ]	335
[a, i, o, o, a]	[a, i, o, ò, a]	1
[a, i, ė, e]	[a, i, ė, è]	1
[a, ai, ė, e]	[a, ái, ė, e]	1
[a, an]	[ã, an]	6
[o, i, i, in, ų]	[o, ì, i, in, ų]	1
[i, ė, ė]	[i, ė́, ė]	3
[i, e, i, io]	[ì, e, i, io]	1
[er, ai, ei]	[ér, ai, ei]	1
[ai, u]	[ái, u]	11
[e, im, ie]	[ẽ, im, ie]	5
[an, ū, ai]	[an, ū̃, ai]	1
[o, i, i, in, o]	[o, ì, i, in, o]	1
[ė, u, o]	[ė, u, õ]	2
[i, i, an, o]	[i, i, añ, o]	1
[e, e, o, u]	[e, e, o, ù]	2
[a, i, i]	[a, i, ì]	32
[a, ę, i]	[a, ę, ì]	4
[a, o, au]	[a, õ, au]	2
[u, a, i, o]	[u, a, ì, o]	4
[a, i, el, a, a]	[a, i, él, a, a]	1
[al, ai, iai]	[al, aĩ, iai]	2
[a, i, ė, i]	[a, i, ė́, i]	12
[a, a, a, o, au]	[a, ã, a, o, au]	2
[i, iu, ia, e]	[i, iù, ia, e]	1
[o, an, o, e]	[o, án, o, e]	1
[un, i, ė, e]	[un, ì, ė, e]	5
[y, ė]	[y, ė̃]	2
[ui, iau, iai]	[ui, iáu, iai]	1
[uei, iu]	[ueĩ, iu]	1
[e, o, i]	[e, o, ì]	3
[a, i, ei, in]	[a, i, éi, in]	1
[ei, am]	[eĩ, am]	1
[a, i, ė, iau]	[a, i, ė́, iau]	1
[en, ia, e]	[eñ, ia, e]	1
[a, ei]	[a, éi]	2
[a, ą]	[ã, ą]	61
[a, ai]	[a, aĩ]	150
[a, ie, i]	[a, íe, i]	1
[a, ie, iau]	[a, íe, iau]	1
[ie, u, ą]	[íe, u, ą]	1
[ė, ė, o, e]	[ė, ė́, o, e]	1
[um]	[ùm]	53
[e, a, y, o]	[e, a, ỹ, o]	1
[ar, e, ių]	[ar, e, ių̃]	1
[i, iau]	[ì, iau]	1
[i, i]	[ì, i]	10
[a, i, al, a]	[a, ì, al, a]	1
[u, en, ai]	[u, eñ, ai]	2
[an, ie]	[an, iẽ]	2
[el, ia, i]	[el̃, ia, i]	1
[i, i]	[i, ì]	84
[ę, i]	[ę, ì]	1
[ai, y, a, a]	[ai, ý, a, a]	1
[u, a, y, a]	[u, a, ý, a]	3
[ė, e, ių]	[ė́, e, ių]	1
[an, a, ie, i]	[an, ã, ie, i]	1
[e, a, y]	[e, a, ý]	3
[a, uo, e, i]	[a, uo, e, ì]	1
[a, ar, au]	[a, ar, aũ]	3
[o, o, ė]	[ó, o, ė]	1
[u, e, ė]	[ù, e, ė]	2
[a, al, y, i]	[a, ál, y, i]	3
[a, e, iui]	[a, e, iuĩ]	3
[ai, ei]	[ai, eĩ]	2
[iū, i]	[iū̃, i]	2
[i, o, i, ą]	[i, ò, i, ą]	6
[au, ą]	[áu, ą]	1
[au, i, ių]	[au, ì, ių]	1
[e, ul, a, u]	[e, ul, a, ù]	3
[e, an, i]	[ẽ, an, i]	2
[a, ar]	[ã, ar]	23
[a, i, a]	[a, ì, a]	7
[ar, u]	[ar, ù]	33
[i, iū, ė, iu]	[i, iū, ė́, iu]	1
[a, i, e]	[a, i, è]	2
[uo, i, ai]	[úo, i, ai]	1
[a, ei, a]	[à, ei, a]	1
[e, o, ai]	[e, o, aĩ]	4
[om, a, i, o, e]	[om, ã, i, o, e]	1
[an, e, iu]	[an, e, iù]	2
[e, i, ą]	[è, i, ą]	12
[ie, o, a, į]	[ie, ó, a, į]	1
[a, e, o, e]	[a, ẽ, o, e]	1
[er, i, a, e]	[ér, i, a, e]	1
[u, i, in, a]	[u, i, iñ, a]	2
[aei, ai]	[aei, aĩ]	2
[u, y, au]	[u, y, aũ]	2
[i, o, ų]	[i, ó, ų]	2
[u, a, in, a]	[u, a, ìn, a]	2
[o, iem]	[o, íem]	1
[i, i, ei, iau]	[i, ì, ei, iau]	1
[a, ar, u]	[a, ar, ù]	5
[į, er, in]	[į, ér, in]	1
[on, o, e]	[òn, o, e]	3
[ė, o]	[ė̃, o]	2
[an, ū, i, ą]	[an, ū̃, i, ą]	1
[a, o, o, om]	[a, ó, o, om]	2
[ur, u]	[ur, ù]	1
[el, ia, a]	[el, ia, à]	1
[y, iai]	[y, iaĩ]	1
[ei, ai]	[eĩ, ai]	20
[i, ua, i, ą]	[i, uã, i, ą]	1
[e, iau, ia]	[e, iáu, ia]	11
[e, e, i, i, o]	[e, e, ì, i, o]	3
[an, ą]	[añ, ą]	13
[a, ei, ie]	[a, ei, iẽ]	2
[al, ė, o, e]	[al, ė́, o, e]	2
[e, a, ei, ia, ų]	[e, a, ei, ia, ų̃]	1
[e]	[ẽ]	159
[a, in, i]	[a, in, ì]	6
[i, ua, i, o, e]	[i, uã, i, o, e]	2
[al, a]	[ál, a]	17
[a, au]	[a, áu]	8
[am, a, į]	[am̃, a, į]	19
[or, ai, ė]	[ór, ai, ė]	1
[u, i, i]	[u, i, ì]	14
[u, ę, i]	[u, ę, ì]	1
[i, ie, ė]	[ì, ie, ė]	1
[i, u, e]	[i, u, è]	5
[ar, au]	[ar, aũ]	2
[y, y, ę]	[y, ý, ę]	1
[en, ė, o]	[en, ė́, o]	2
[ea, a, ė]	[ea, ã, ė]	1
[au, i, u]	[áu, i, u]	3
[i, e]	[i, è]	2
[u, i, a, o]	[u, i, ã, o]	4
[aie, o]	[aie, ó]	1
[e, į, o]	[e, į̃, o]	1
[a, i, e, i, ė, o]	[a, i, e, i, ė́, o]	1
[er, a]	[ér, a]	1
[ir, a]	[ìr, a]	33
[e, ė, i]	[e, ė́, i]	3
[a, ė, ų]	[a, ė̃, ų]	2
[ie, o, e]	[ie, o, è]	1
[er, i, ą]	[er̃, i, ą]	1
[e, u, a, au]	[e, u, a, aũ]	1
[an, e, y, e]	[an, ẽ, y, e]	1
[a, ai, iui]	[a, ai, iuĩ]	1
[a, o, ė]	[a, ó, ė]	5
[o, u, a]	[ó, u, a]	2
[u, il, y, i, e]	[u, ìl, y, i, e]	1
[a, am, ė, o]	[a, am, ė́, o]	1
[i, i, ai]	[ì, i, ai]	11
[a, au, i]	[a, au, ì]	16
[i, ea, i]	[i, ea, ì]	1
[i, u, ių]	[i, ù, ių]	14
[a, e, ė]	[a, ẽ, ė]	2
[i, ai]	[i, aĩ]	46
[io, y]	[io, ỹ]	1
[a, iu]	[a, iù]	29
[a, ai, y, i]	[a, ai, ý, i]	3
[em, e, a, ū, a]	[em, e, a, ū, à]	1
[au, io, e]	[au, io, è]	1
[ie, a]	[íe, a]	38
[ū, i, y]	[ū, i, ỹ]	1
[a, y, au]	[a, y, aũ]	3
[a, i, a, o]	[ã, i, a, o]	2
[uo, e, y, e]	[uo, ẽ, y, e]	3
[in, i]	[in, ì]	9
[al, i, o, e]	[al, ì, o, e]	5
[o, ė]	[ó, ė]	33
[ul, ų]	[ul̃, ų]	1
[i, ei, ia]	[i, éi, ia]	1
[u, ar, au]	[u, ar, aũ]	1
[e, a, au]	[e, a, aũ]	12
[i, a, y, i]	[i, a, ý, i]	5
[aai, in, i]	[aái, in, i]	4
[ė, y, a]	[ė́, y, a]	10
[ai, y, i]	[ai, ỹ, i]	1
[ar, iai]	[ar, iaĩ]	3
[a, i, ai]	[a, i, aĩ]	8
[e, ė]	[ẽ, ė]	15
[a, ė, a, au]	[a, ė, a, aũ]	1
[a, a, au]	[a, a, áu]	1
[i, ė, au]	[i, ė, aũ]	2
[a, ei, y, e]	[a, ei, y, è]	4
[ir, e, y, ę]	[ir, e, ý, ę]	2
[e, e, i, o]	[e, ẽ, i, o]	1
[o, ai]	[ò, ai]	8
[ir, a]	[ir̃, a]	2
[u, a, i]	[u, a, ì]	12
[i, e, ė, o]	[i, e, ė́, o]	1
[i, o, a, u]	[i, o, a, ù]	1
[ai, a]	[ai, à]	19
[aei, į]	[ãei, į]	1
[a, i, i, ui]	[a, i, ì, ui]	1
[ie, a, iai]	[íe, a, iai]	1
[on, e, en, i, ą]	[on, e, eñ, i, ą]	2
[al, a, a]	[ál, a, a]	3
[ė, e, io]	[ė́, e, io]	1
[ie, i, ė]	[ie, ì, ė]	1
[iū, a]	[iū̃, a]	4
[uo, ų]	[uo, ų̃]	3
[e, ai, uo, i]	[e, ai, úo, i]	1
[ie, ie, a]	[ie, ie, à]	1
[į, i, e]	[į̃, i, e]	3
[a, e, i, ie, i, o]	[a, e, i, iẽ, i, o]	1
[e, u, o, ė, o]	[e, u, o, ė́, o]	1
[i, ir, ai]	[i, ir, aĩ]	3
[au, i]	[au, ì]	19
[a, a, ai]	[a, a, aĩ]	8
[en, o]	[en, õ]	5
[au, au, i]	[áu, au, i]	1
[i, en, ia, a]	[i, én, ia, a]	1
[o, ė, o]	[o, ė́, o]	13
[e, im, ia]	[ẽ, im, ia]	1
[a, i, uo]	[a, i, úo]	2
[er, iu, ai]	[er, iù, ai]	2
[in, i]	[iñ, i]	1
[u, ir, iau]	[u, ìr, iau]	1
[en, iau, io]	[en, iáu, io]	2
[er, ė, i, a]	[ér, ė, i, a]	1
[a, a, a, o, iu]	[a, ã, a, o, iu]	1
[al, o, o]	[al, ó, o]	1
[au, y, i, e]	[au, ý, i, e]	2
[ė, e, iui]	[ė́, e, iui]	2
[į, al, ė, o, e]	[į, al, ė́, o, e]	1
[ei, a, ą]	[ei, ã, ą]	2
[u, u, y, i]	[u, u, ý, i]	4
[e, i, ė]	[e, ì, ė]	1
[en, iom]	[en, ióm]	2
[ie, ia, i]	[ie, ia, ì]	1
[a, i, au]	[a, i, áu]	1
[a, a, ų]	[a, ã, ų]	1
[a, ai, i]	[a, ái, i]	1
[e, o, e]	[e, o, è]	2
[a, il, iu]	[ã, il, iu]	1
[i, e, į]	[ì, e, į]	5
[e, a, al, o, au]	[e, a, al, ó, au]	1
[au, iau, i]	[áu, iau, i]	1
[į, o, ią]	[į, õ, ią]	1
[e, on, o, iuo, a, a]	[e, on, o, iúo, a, a]	1
[or, o, i]	[õr, o, i]	2
[a, e, ą]	[ã, e, ą]	6
[u, i, i]	[u, ì, i]	1
[ul, i]	[ùl, i]	1
[a, in, i]	[a, iñ, i]	1
[ai]	[ái]	32
[al, i]	[ál, i]	1
[uo, ai, o, e]	[úo, ai, o, e]	1
[i, y, y, ų]	[i, ý, y, ų]	1
[ai, ą]	[aĩ, ą]	54
[o, y, a, a, i]	[ó, y, a, a, i]	1
[er, ė, o]	[ér, ė, o]	5
[o, e, iu]	[ó, e, iu]	3
[i, a, e, e]	[i, a, e, è]	1
[e, ie, o, o]	[e, ie, ó, o]	1
[i, u]	[ì, u]	1
[a, o, i, a]	[a, ò, i, a]	3
[ir, i]	[ìr, i]	2
[o, u, i]	[ó, u, i]	1
[an, a, ie, iai]	[an, ã, ie, iai]	1
[ai, io, i]	[ái, io, i]	5
[a, i, e, ė]	[a, ì, e, ė]	2
[a, o, in, iu]	[a, õ, in, iu]	1
[ir]	[ir̃]	188
[a, al, ė, i]	[a, al, ė́, i]	1
[u, i, i, i]	[u, i, ì, i]	3
[o, er]	[ó, er]	2
[u, au]	[ù, au]	14
[e, a, a, iu, i]	[e, a, ã, iu, i]	1
[e, im, o]	[e, im̃, o]	1
[o, ei, iam]	[ó, ei, iam]	1
[en, io, i, o]	[en, ió, i, o]	2
[au, e]	[au, è]	5
[i, i, ė, e]	[i, ì, ė, e]	1
[au, e, io]	[aũ, e, io]	1
[a, ė, u, ei]	[a, ė́, u, ei]	1
[ir, au]	[ìr, au]	1
[in, iai]	[iñ, iai]	1
[u, o]	[u, ó]	3
[ie, e, io]	[ie, ẽ, io]	1
[ė, ė, e]	[ė, ė, è]	1
[y, u]	[y, ù]	4
[el, i, ą]	[el, ì, ą]	1
[iem]	[íem]	14
[y, ų]	[ý, ų]	3
[ė, y, i]	[ė́, y, i]	2
[i, i, i, i]	[i, i, i, ì]	1
[a, ė, iau]	[à, ė, iau]	1
[ai, ė, ų]	[ai, ė́, ų]	3
[a, ar, e, i]	[a, ar, è, i]	1
[a, ei, iu, ą]	[a, ei, iù, ą]	1
[u, i, ie, i]	[u, i, íe, i]	3
[e, o, a, ų]	[e, o, ã, ų]	1
[a, y, u]	[a, y, ù]	2
[ai, ė, o]	[ai, ė́, o]	4
[io, o, i, a]	[io, ò, i, a]	1
[a, i, u]	[ã, i, u]	1
[e, an, y]	[ẽ, an, y]	1
[in, ai]	[in, aĩ]	1
[am, a, o]	[am, ã, o]	1
[ai, ian, i]	[aĩ, ian, i]	1
[e, i, au, ia]	[e, i, aũ, ia]	1
[a, o]	[ã, o]	107
[a, a, o, a]	[ã, a, o, a]	1
[iu, e, o]	[iu, è, o]	1
[y, au, a]	[ý, au, a]	1
[e, iau, iu]	[e, iáu, iu]	1
[e, į]	[ẽ, į]	8
[e, ė, o]	[é, ė, o]	2
[o, ai]	[õ, ai]	5
[į, ei]	[į, éi]	3
[u, iun, ė, e]	[ù, iun, ė, e]	1
[u, i, un, ė]	[u, i, ùn, ė]	1
[au, i, a]	[áu, i, a]	3
[ea, an, ė]	[ea, añ, ė]	1
[e, ei, iai]	[e, eĩ, iai]	1
[a, i, e, u]	[a, ì, e, u]	1
[ė, ė, i]	[ė, ė́, i]	1
[e, ų]	[è, ų]	3
[u, au, ai]	[u, au, aĩ]	1
[e, el, ian]	[e, el̃, ian]	1
[y, o]	[ý, o]	5
[u, i, ą]	[ù, i, ą]	11
[ei, a, ą]	[eĩ, a, ą]	1
[į, ū, į]	[į́, ū, į]	1
[ai, in, u]	[ai, ìn, u]	1
[ir, ė, ių]	[ir, ė, ių̃]	1
[iun, ių]	[iùn, ių]	1
[en, ų]	[én, ų]	1
[y, e, i, ui]	[y, ẽ, i, ui]	1
[e, a, y, o, a]	[e, a, ý, o, a]	1
[e, ei, i, e]	[é, ei, i, e]	1
[a, y, ų]	[a, ý, ų]	2
[u, a, o]	[u, ã, o]	2
[o, i, io, o]	[o, ì, io, o]	1
[i, ei, i]	[i, ei, ì]	6
[e, a, ė, e]	[e, ã, ė, e]	1
[i, ir]	[i, ir̃]	1
[a, i, ė, ė, e]	[a, i, ė́, ė, e]	1
[o, o]	[o, õ]	8
[e, i, i, o]	[e, i, ì, o]	1
[a, o, ai]	[a, ò, ai]	1
[a, ė, uo, e]	[a, ė́, uo, e]	1
[au, au]	[au, aũ]	1
[ie, ia]	[ie, ià]	1
[uo, o, ę]	[úo, o, ę]	4
[a, un, a, e]	[a, un, a, è]	1
[a, ė, ė, ę]	[a, ė, ė̃, ę]	1
[a, ė, a, ę]	[a, ė, ã, ę]	1
[į, y, a]	[į, ỹ, a]	1
[a, ia, o]	[a, iã, o]	1
[e, ei, i, e]	[e, éi, i, e]	1
[ė, ė, i]	[ė, ė, ì]	1
[ai, uo, iai]	[ai, uõ, iai]	3
[o, i, i, in, ą]	[o, ì, i, in, ą]	1
[au, in, i]	[áu, in, i]	2
[a, i, a, ai, uo]	[a, i, a, ai, úo]	1
[a, ė, i, ą]	[a, ė́, i, ą]	4
[au, o, o]	[au, ó, o]	7
[u, u, y, a]	[u, u, ý, a]	2
[a, au, y, e]	[a, áu, y, e]	13
[au, ė]	[aũ, ė]	8
[e, en, iu]	[e, en, iù]	8
[ė, e, į]	[ė́, e, į]	6
[a, a, ū]	[a, ã, ū]	1
[iū, ė, o, e]	[iū, ė́, o, e]	1
[u, au, i]	[u, au, ì]	1
[e, ie, a]	[e, ie, à]	1
[a, a, y, um]	[a, a, ý, um]	1
[al, au]	[ál, au]	3
[an, ų]	[añ, ų]	2
[a, a, o]	[a, ã, o]	11
[a, e, o]	[ã, e, o]	6
[al, om]	[ál, om]	2
[u, i, a]	[u, ì, a]	1
[ai, u, e]	[aĩ, u, e]	1
[e, ū, ų]	[e, ū̃, ų]	1
[ū, ą]	[ū́, ą]	5
[al, iau, i]	[al, iáu, i]	1
[a, a, o, i, u]	[ã, a, o, i, u]	1
[a, a, y, a]	[a, ã, y, a]	7
[a, o, u, ų]	[a, o, ù, ų]	1
[ie, o, o, o]	[ie, o, ò, o]	1
[a, ę]	[ã, ę]	31
[ai, in, i]	[ai, ìn, i]	4
[u, i, uo]	[u, i, uõ]	1
[u, a]	[ù, a]	8
[or, e, i, o, u]	[or, e, i, o, ù]	1
[a, ė, o]	[a, ė̃, o]	9
[a, o]	[a, õ]	30
[a, en, a]	[ã, en, a]	1
[o, e, i, i]	[ó, e, i, i]	4
[e, ė, y]	[e, ė́, y]	1
[u, io, iau]	[u, ió, iau]	1
[ė, u, į]	[ė, ù, į]	2
[o, a]	[õ, a]	11
[e, u, ė, au]	[e, u, ė́, au]	3
[u, iė, u]	[u, iė̃, u]	1
[ū, a, o]	[ū́, a, o]	1
[i, o, i, o]	[i, ò, i, o]	1
[i, a, i, ą]	[i, ã, i, ą]	1
[uo, a, ai]	[úo, a, ai]	4
[a, iū, ė, o, e]	[a, iū, ė́, o, e]	2
[e, u, iem]	[e, u, íem]	1
[a, a, o, ą]	[a, a, õ, ą]	1
[ą, a, ą]	[ą́, a, ą]	2
[a, u, ė, o]	[a, u, ė́, o]	1
[u, i, i, i, ai]	[u, i, i, ì, ai]	1
[ai, uo, a]	[ai, úo, a]	7
[a, a, i, ė, i]	[a, a, i, ė́, i]	1
[ė, io, i]	[ė, io, ì]	1
[o, e, ų]	[o, e, ų̃]	1
[au, i]	[aũ, i]	11
[y, e, į, į]	[y, è, į, į]	2
[ei, o, ą]	[eĩ, o, ą]	11
[uo, ė]	[úo, ė]	2
[y, ū]	[ý, ū]	2
[i, au, o]	[i, aũ, o]	5
[ai, y, u]	[ai, ý, u]	1
[a, an, ė]	[a, án, ė]	1
[al, ė]	[al̃, ė]	1
[a, uo, e, ių]	[a, uo, e, ių̃]	1
[a, ai, ą]	[ã, ai, ą]	2
[a, i, ė, a]	[a, i, ė́, a]	3
[uo, in, o, i]	[uo, ìn, o, i]	1
[ai, a, io]	[aĩ, a, io]	1
[a, el, i, ų]	[a, el, ì, ų]	1
[a, au, i]	[a, aũ, i]	1
[uei]	[ueĩ]	3
[a, a, o, i]	[ã, a, o, i]	1
[a, i, i, o]	[a, ì, i, o]	1
[an, i, a, a]	[án, i, a, a]	1
[a, e]	[a, ẽ]	1
[e, a, iau]	[e, a, iaũ]	5
[u, im, a]	[ù, im, a]	1
[a, i, ė]	[a, i, ė̃]	1
[ur, in, am]	[ur, ìn, am]	1
[e, i, u]	[e, i, ù]	1
[e]	[è]	168
[i, u, ė, iai]	[i, u, ė̃, iai]	1
[in, o]	[ìn, o]	2
[a, y, o]	[a, ý, o]	2
[y, ių]	[y, ių̃]	1
[e, ė, u]	[e, ė́, u]	12
[ar, ę]	[ár, ę]	1
[a, o, i, ai]	[a, ò, i, ai]	3
[am, a, a, a]	[am, a, a, à]	1
[al, io]	[al̃, io]	2
[i, i, ė, i]	[i, ì, ė, i]	1
[ia, i, a]	[ia, ì, a]	1
[a, ai, in]	[a, ai, iñ]	1
[u, ie, a]	[u, íe, a]	1
[a, ei, ui]	[a, éi, ui]	1
[a, y, o, a]	[a, y, õ, a]	2
[ai, i, ą]	[ai, ì, ą]	4
[a, a, o, o]	[a, a, ò, o]	1
[in, y]	[iñ, y]	2
[ar, ų]	[ar, ų̃]	3
[al, in, i]	[ál, in, i]	1
[au, a, i]	[áu, a, i]	2
[a, ą, i, o]	[a, ą́, i, o]	1
[i, o, o]	[i, ó, o]	6
[in, e, ę]	[in, è, ę]	1
[e, ir, u]	[e, ìr, u]	1
[u, i, ai, an]	[u, i, aĩ, an]	1
[o, y, ė]	[o, ý, ė]	2
[u, y, i]	[u, y, ì]	3
[i, u, į]	[i, ù, į]	1
[y, o, e]	[ỹ, o, e]	4
[al, y, u, o]	[al, y, ù, o]	1
[ir, ai]	[ir̃, ai]	1
[ul, a, o]	[ul, ã, o]	1
[ū, u, ė, e]	[ū́, u, ė, e]	1
[e, o, ė]	[e, o, ė́]	1
[an, o]	[añ, o]	8
[iau, ę]	[iáu, ę]	1
[e, ir, in, a]	[e, ir, ìn, a]	1
[a, a, u]	[ã, a, u]	2
[a, i, in, i, o]	[a, i, in, ì, o]	2
[u, i, au]	[u, i, aũ]	10
[e, au, au]	[e, au, aũ]	1
[e, i, ė]	[e, i, ė̃]	2
[om, a, i, o]	[om, ã, i, o]	1
[u, in, u]	[u, in, ù]	3
[um, i]	[um, ì]	2
[i, io, a]	[i, iò, a]	1
[ai, ų]	[aĩ, ų]	1
[a, y, ią]	[a, ý, ią]	5
[e, e, i, i, ą]	[e, e, ì, i, ą]	1
[iuo, ai, i, ė]	[iuo, ai, ì, ė]	1
[a, i, y, ę]	[a, i, ý, ę]	2
[er, ai, e]	[er, ái, e]	3
[a, i, e, i]	[a, ì, e, i]	1
[i, io, i]	[i, io, ì]	1
[e, i, y, e]	[e, ì, y, e]	1
[u, i]	[ù, i]	122
[u, y, iu]	[ù, y, iu]	2
[a, i, ei, ė]	[a, ì, ei, ė]	3
[a, uo, į]	[ã, uo, į]	1
[e, ą]	[è, ą]	2
[om, i, uo, a]	[om, i, úo, a]	1
[i]	[ì]	963
[u, ei]	[u, eĩ]	1
[y, ai]	[y, aĩ]	3
[er, i, a]	[ér, i, a]	2
[el, iui]	[él, iui]	1
[a, o, om]	[a, o, óm]	1
[o, i]	[õ, i]	14
[a, a, a, o, i]	[a, ã, a, o, i]	2
[a, a, a, o, iau]	[a, ã, a, o, iau]	1
[ar, y, a]	[ar, ý, a]	1
[em, a]	[ém, a]	3
[ie, iai]	[iẽ, iai]	4
[į, a, i, ų]	[į, a, ì, ų]	1
[e, o, a, ą]	[e, o, ã, ą]	2
[ū, ų]	[ū̃, ų]	1
[er, in, o]	[er, ìn, o]	1
[u, ir, iu]	[u, ir̃, iu]	2
[ui, ų]	[uĩ, ų]	1
[ir, e, iu]	[ir, e, iù]	1
[au, ia]	[áu, ia]	3
[e, ė, e]	[ẽ, ė, e]	4
[ė, o]	[ė, õ]	4
[į, ė, ė]	[į, ė́, ė]	1
[ū, o]	[ū̃, o]	4
[u, i, al, ė, i]	[u, i, al̃, ė, i]	1
[o, ė, ą]	[o, ė́, ą]	1
[o, uo, ių]	[o, uo, ių̃]	4
[a, a, e, ė]	[a, a, è, ė]	1
[ir, a, e]	[ìr, a, e]	1
[a, in, į]	[ã, in, į]	2
[ai, ė]	[ái, ė]	2
[e, ia, o]	[e, iã, o]	3
[e, u, i]	[e, ù, i]	28
[u, a, ė]	[u, a, ė̃]	1
[a, o, a]	[à, o, a]	1
[ai, ian, iu]	[aĩ, ian, iu]	1
[al, a]	[al, à]	26
[il, ą]	[il̃, ą]	2
[a, uo, io]	[a, úo, io]	1
[ie, u, a]	[ie, ù, a]	1
[i, a, a, o, e]	[i, a, ã, o, e]	2
[ė, a, i, ą]	[ė, ã, i, ą]	1
[e, u, i, e]	[e, ù, i, e]	6
[al, o, o, i]	[al, o, ò, i]	1
[a, i, e]	[ã, i, e]	11
[au, i, ė]	[au, ì, ė]	3
[u, ai, ų]	[u, aĩ, ų]	1
[a, e, o, u]	[a, e, ó, u]	2
[e, u, į]	[e, ù, į]	1
[į, y, ė, o]	[į, y, ė́, o]	1
[ir, u, ą]	[ìr, u, ą]	3
[ie, a, a, i, ų]	[ie, a, ã, i, ų]	2
[a, ė, ė]	[à, ė, ė]	1
[i, er, iau]	[ì, er, iau]	1
[an, y, i]	[an, ý, i]	1
[e, u, a, iu]	[e, u, à, iu]	1
[ė, in, i]	[ė́, in, i]	2
[au, y, i]	[áu, y, i]	4
[au, y]	[au, ý]	2
[e, ū, iau]	[e, ū́, iau]	2
[i, iū, ė]	[i, iū, ė́]	1
[a, ė, e]	[ã, ė, e]	18
[į, o, y, i]	[į, ó, y, i]	1
[i, o]	[i, õ]	6
[o, į]	[ó, į]	21
[uė, au]	[uė, aũ]	2
[u, u]	[ù, u]	2
[ar, i, an, i]	[ár, i, an, i]	1
[in, u]	[in, ù]	7
[a, uo, u]	[a, úo, u]	1
[ie, o, o, e]	[ie, ó, o, e]	2
[ū, u, e]	[ū́, u, e]	1
[a, y, ai]	[a, y, aĩ]	1
[u, uo, e, a]	[u, úo, e, a]	1
[i, i, uo, i]	[i, i, úo, i]	1
[ū, an, į]	[ū́, an, į]	2
[er, ai, ė]	[er, ái, ė]	20
[ir, u]	[ìr, u]	4
[ol, ą]	[òl, ą]	4
[uo, y, iu]	[úo, y, iu]	1
[i, ai, ė]	[i, aĩ, ė]	2
[ie, a]	[iẽ, a]	57
[uo, i, e]	[úo, i, e]	1
[u, a, au]	[u, a, aũ]	3
[ei, a, in, a]	[ei, a, ìn, a]	2
[aei, o]	[àei, o]	1
[ie, au]	[íe, au]	6
[am, iai]	[am, iaĩ]	1
[a, ė]	[a, ė̃]	43
[ir, ai]	[ìr, ai]	2
[u, au, iu]	[u, au, iù]	1
[au, ui]	[aũ, ui]	3
[ei, a]	[eĩ, a]	9
[i, el, ė, ę]	[i, él, ė, ę]	1
[il, ie]	[il, iẽ]	3
[a, y, a, o]	[a, ý, a, o]	1
[i, u, ių]	[i, u, ių̃]	1
[e, e, o]	[e, è, o]	1
[am, i, y, ė]	[am, i, ý, ė]	1
[e, e, i]	[ẽ, e, i]	2
[a, i, o, i, e]	[a, i, ó, i, e]	1
[i, u]	[i, ù]	27
[uo, u]	[úo, u]	2
[u, ia, e]	[u, ia, è]	3
[o, i, a]	[ò, i, a]	1
[u, ie, ė]	[ù, ie, ė]	2
[ai, y, i]	[ai, ý, i]	24
[i, ą, i, o]	[i, ą̃, i, o]	1
[i, e, ė]	[ì, e, ė]	7
[a, i, a]	[ã, i, a]	32
[i, iai, in]	[i, iái, in]	1
[ū, u, a]	[ū́, u, a]	1
[uo, in, a]	[uo, ìn, a]	3
[a, ei, iai]	[a, eĩ, iai]	2
[a, o, u, ą]	[a, o, ù, ą]	1
[au, u]	[au, ù]	14
[ai, o, į]	[aĩ, o, į]	10
[ar, iau]	[ar, iaũ]	1
[e, a, ė, uo]	[e, a, ė, úo]	1
[ar, ų]	[ar̃, ų]	7
[u, i, a, i, o]	[u, i, a, ì, o]	3
[ai, i, o]	[aĩ, i, o]	1
[o, o, i]	[ó, o, i]	9
[y, į]	[ỹ, į]	3
[a, i, i, uo, a]	[a, i, i, úo, a]	1
[ū, ai]	[ū́, ai]	1
[o, er, ą]	[ò, er, ą]	1
[im, a]	[im, à]	2
[a, ia, e]	[a, ia, è]	1
[a, a, u, ą]	[a, a, ù, ą]	1
[e, o, a, i, ą]	[e, o, ã, i, ą]	1
[a, u, i, i]	[a, u, ì, i]	8
[ū, ie]	[ū́, ie]	1
[e, ių]	[ẽ, ių]	2
[ie, e]	[iẽ, e]	1
[ir, i, iu]	[ir̃, i, iu]	1
[e, u, i, ir, o]	[e, u, i, ir̃, o]	1
[ai, i, ų]	[ai, ì, ų]	2
[en, a]	[eñ, a]	12
[i, au, ė]	[i, áu, ė]	1
[e, e, a, y]	[e, e, a, ý]	1
[en, e]	[en, è]	3
[a, y, ė, i, ą]	[a, y, ė́, i, ą]	1
[ir, in, ai]	[ir, ìn, ai]	1
[o, u, y, e]	[o, u, y, è]	2
[e, a, i, a, a]	[e, a, ì, a, a]	1
[u, a, ė, e]	[ù, a, ė, e]	1
[y, i, a]	[ý, i, a]	1
[ei, e, ė, o]	[ei, e, ė́, o]	1
[eį, ar, i, o, e]	[eį, ár, i, o, e]	1
[e, u, a]	[e, ù, a]	1
[e, ir, a]	[e, ìr, a]	2
[o, i, u, o]	[o, i, ù, o]	1
[a, uon, o, i]	[a, uon, õ, i]	1
[ą, i, o]	[ą, ì, o]	1
[e, ė, au]	[e, ė́, au]	1
[u, i, uo, u]	[u, i, úo, u]	2
[a, e, io]	[a, ẽ, io]	2
[a, a, a]	[ã, a, a]	9
[ia, e]	[ia, è]	13
[o, e, ai, ė]	[o, e, ái, ė]	1
[al, y, i]	[ál, y, i]	15
[er, a]	[er, à]	3
[o, i, i, a]	[o, ì, i, a]	9
[e, o, ie, e]	[e, o, íe, e]	2
[u, en, ę]	[u, eñ, ę]	1
[u, i, ir]	[u, i, ir̃]	2
[uo, au, a]	[úo, au, a]	5
[a, y, ė, a]	[a, y, ė́, a]	1
[iu, iai]	[iù, iai]	1
[o, o, i]	[o, ó, i]	1
[or, a, i, a, i, a]	[or, a, i, ã, i, a]	1
[a, au, ė]	[a, aũ, ė]	8
[o, o, e]	[ó, o, e]	6
[ul, ū, o]	[ul, ū̃, o]	1
[ia, ą]	[iã, ą]	2
[ei, e, io]	[eĩ, e, io]	2
[u, o, ą]	[ù, o, ą]	6
[o, ai, i]	[ó, ai, i]	1
[ie, a]	[ie, à]	57
[a, am, y, i]	[a, am, ý, i]	1
[a, i, o, a]	[a, i, õ, a]	4
[i, ai]	[ì, ai]	3
[e, ei]	[è, ei]	12
[a, y, ui]	[a, ỹ, ui]	1
[iė, ė]	[ìė, ė]	1
[o, a, a]	[o, a, à]	1
[ar, i, o]	[ar, ì, o]	1
[e, o, o, i, ai]	[e, o, ò, i, ai]	1
[ir, u, ė]	[ir, ù, ė]	5
[en, i]	[en, ì]	3
[i, ia, u]	[i, ia, ù]	1
[ę, ia]	[ę̃, ia]	1
[e, a, i, i, i]	[e, a, ì, i, i]	1
[i, ė, i]	[i, ė́, i]	1
[ei, i]	[eĩ, i]	3
[e, ir, i]	[e, ir̃, i]	2
[ai, i, in, o]	[aĩ, i, in, o]	1
[u, i, ei, ia, e]	[u, i, éi, ia, e]	1
[y, i, e]	[ý, i, e]	5
[a, i, u, i]	[a, i, ù, i]	4
[ai, ia]	[aĩ, ia]	9
[i, i, o, a]	[i, i, õ, a]	1
[o, y, o, e]	[o, ỹ, o, e]	12
[ie, o, ė]	[ie, ó, ė]	1
[e, e, y, ą]	[e, e, ỹ, ą]	1
[a, iė, ė]	[a, ìė, ė]	1
[a, a, ė]	[à, a, ė]	10
[u, i, i, i, e]	[u, i, i, i, è]	1
[a, i, uo, ę]	[a, i, uõ, ę]	6
[e, i, au]	[e, i, aũ]	14
[a, i, i]	[ã, i, i]	1
[u, į]	[u, į̃]	17
[ai, y, a]	[ai, ý, a]	1
[e, y, e, i]	[e, y, e, ì]	1
[er, ai, ė]	[ér, ai, ė]	4
[au, iai]	[au, iaĩ]	1
[el, ę, i]	[el̃, ę, i]	1
[ai, a, ai, iu]	[ai, ã, ai, iu]	1
[u, i, iau]	[u, i, iáu]	1
[a, u, iu]	[a, ù, iu]	1
[i, o, i, e]	[i, ó, i, e]	2
[y, e, an, i]	[y, ẽ, an, i]	1
[e, io]	[ẽ, io]	18
[į, ū, i]	[į́, ū, i]	1
[ū, i, i]	[ū̃, i, i]	9
[ė, o, e]	[ė̃, o, e]	1
[u, y]	[ù, y]	12
[į, i]	[į, ì]	6
[ar, o]	[ar̃, o]	11
[ai, in, a]	[ai, ìn, a]	14
[a, i, a, y, i, e]	[a, i, a, ý, i, e]	1
[a, ė, i]	[ã, ė, i]	1
[ė, a, iau, ia]	[ė, a, iáu, ia]	6
[iuo, i, o]	[iuo, ì, o]	1
[ol, o]	[òl, o]	3
[a, ei, ė]	[à, ei, ė]	3
[u, y, iai]	[ù, y, iai]	1
[e, im, iai]	[ẽ, im, iai]	1
[i, i, in, i]	[i, i, iñ, i]	3
[i, a, i, ai]	[i, ã, i, ai]	1
[o, a]	[ò, a]	367
[a, i, iu]	[a, i, iù]	1
[į, a, y, u]	[į, a, ý, u]	1
[u, o, o]	[ù, o, o]	4
[e, u, in, u]	[e, u, in, ù]	1
[i, er]	[i, er̃]	1
[o, i, o, e]	[ò, i, o, e]	1
[o, e]	[o, è]	18
[i, am]	[i, ám]	2
[al, ė, e]	[ál, ė, e]	1
[a, au, im]	[a, áu, im]	1
[im, a]	[ìm, a]	1
[e, ė, i, ai]	[e, ė́, i, ai]	1
[a, ai, a]	[à, ai, a]	1
[y, ė, ę]	[ý, ė, ę]	1
[u, ia]	[ù, ia]	2
[e, y, ia, e, im]	[e, ý, ia, e, im]	1
[ar, a, ė]	[ar̃, a, ė]	1
[u, ar, y, iu]	[u, ar, ý, iu]	1
[ar, a, ei]	[ar̃, a, ei]	1
[e, i, o]	[è, i, o]	6
[e, i, i]	[e, ì, i]	4
[ie, in, e, i]	[ie, iñ, e, i]	10
[a, i, ė]	[a, ì, ė]	1
[i, ur, ie, į]	[i, ùr, ie, į]	3
[a, o, e]	[a, o, è]	5
[u, i, i, i, a]	[u, i, i, ì, a]	4
[ai, iu]	[aĩ, iu]	2
[a, ai, a, i]	[a, ái, a, i]	1
[ė, an]	[ė́, an]	1
[u, iau, i]	[u, iaũ, i]	1
[a, o, u]	[a, õ, u]	1
[ū, y, e]	[ū̃, y, e]	1
[a, i, a, y, i]	[a, i, a, ý, i]	13
[ir, u, o]	[ìr, u, o]	4
[a, ė, a, o]	[a, ė, ã, o]	4
[i, iu]	[i, iù]	1
[i, a, iu]	[ì, a, iu]	3
[o, i, ė]	[ó, i, ė]	10
[a, o, iai]	[a, ó, iai]	1
[aė, o]	[aė̃, o]	1
[a, ei, i]	[a, eĩ, i]	1
[ie, u, y, e]	[iẽ, u, y, e]	1
[an, ū, i, ai]	[an, ū̃, i, ai]	5
[ie, i, a]	[íe, i, a]	3
[uo, in, u]	[uo, ìn, u]	1
[o, y, o, ai]	[ó, y, o, ai]	1
[a, i, y, en, i]	[a, i, y, én, i]	1
[i, au, iu]	[i, áu, iu]	1
[y, io]	[ỹ, io]	6
[o, o, ę]	[o, ò, ę]	1
[ū]	[ū̃]	49
[ai, ę]	[aĩ, ę]	11
[i, ė]	[ì, ė]	25
[en, i, in, a]	[eñ, i, in, a]	1
[a, i, o, e]	[a, i, o, è]	1
[o, e, ių]	[o, e, ių̃]	1
[į, o, ių]	[į, o, ių̃]	1
[e, ę]	[è, ę]	12
[y, i, į]	[y, ì, į]	1
[o, u]	[õ, u]	1
[an]	[án]	190
[i, ė, a]	[i, ė́, a]	11
[i, iu]	[ì, iu]	2
[i, ai]	[i, ái]	10
[e, ei, iu]	[e, eĩ, iu]	1
[o, i]	[o, ì]	14
[a, o, ai]	[ã, o, ai]	1
[ul, e]	[ùl, e]	3
[a, ii, u]	[a, ìi, u]	1
[i, iu, i]	[i, iù, i]	1
[e, a, e, ė]	[e, à, e, ė]	1
[o, ė, ų]	[o, ė́, ų]	4
[a, ė, u, ė, e]	[a, ė́, u, ė, e]	1
[ai, iuo, i]	[ai, iúo, i]	2
[ei, o]	[éi, o]	2
[i, ė, iau]	[i, ė́, iau]	1
[au, ai]	[áu, ai]	1
[ei, iau]	[eĩ, iau]	1
[a, iu, a]	[a, iù, a]	1
[ei, in, ą]	[ei, ìn, ą]	1
[a, iuo, an, į]	[a, iúo, an, į]	1
[a, o, a]	[a, ò, a]	1
[ū, y, i]	[ū, ý, i]	6
[a, o, i]	[a, o, ì]	2
[į, a, ė]	[į, ã, ė]	1
[ar, ė]	[ar, ė̃]	1
[y, e, i, u]	[y, ẽ, i, u]	1
[al, y, u, ą]	[al, y, ù, ą]	2
[e, e, a, ė]	[e, e, ã, ė]	1
[ea, i, a, y]	[ea, i, a, ý]	1
[am, i, ai]	[am, i, aĩ]	3
[er, a, y, e]	[er̃, a, y, e]	1
[au, a, y, ė, e]	[au, ã, y, ė, e]	1
[y, y, o, a]	[ý, y, o, a]	4
[o, an, a]	[o, án, a]	6
[a, o, a, a]	[a, o, ã, a]	4
[e, i, o, o]	[e, i, ó, o]	2
[e, ė, au, i]	[e, ė́, au, i]	1
[e, į]	[e, į̃]	1
[iu, a]	[iù, a]	1
[ū, an, iai]	[ū́, an, iai]	5
[i, i, a, i, i, ą]	[i, i, ã, i, i, ą]	1
[o, e, im]	[ó, e, im]	1
[e, a, en, in, i]	[e, a, én, in, i]	1
[aim, iu]	[aim̃, iu]	3
[o, y, o, am]	[ó, y, o, am]	2
[i, y, ę]	[i, ỹ, ę]	1
[u, iė, u, i]	[u, iė̃, u, i]	3
[i, u, ė, o]	[i, u, ė́, o]	1
[o, ie]	[o, iẽ]	9
[įė, o]	[įė̃, o]	5
[a, y, um]	[a, ý, um]	1
[ir, ė, i]	[ir, ė́, i]	1
[ū, iu]	[ū́, iu]	7
[o, i]	[ò, i]	6
[aė, u, į]	[aė̃, u, į]	1
[ar]	[ár]	63
[a, e, a, o]	[a, e, ã, o]	1
[e, e, i, en, a]	[e, e, i, eñ, a]	1
[i, u, i, ė, e]	[i, u, ì, ė, e]	2
[uo, al, i, o, e]	[uo, al, ì, o, e]	1
[ei, ei]	[ei, eĩ]	2
[i, au, in, i]	[i, au, ìn, i]	1
[a, a, i, ą]	[a, a, ì, ą]	2
[y, ū, u]	[y, ū, ù]	2
[uo, e, i]	[uo, ẽ, i]	5
[au, i, į]	[au, ì, į]	2
[a, ai, iau]	[à, ai, iau]	3
[ai, i, o]	[ai, ì, o]	1
[a, im, ė]	[a, im̃, ė]	1
[il, iau]	[ìl, iau]	1
[er, i, ai]	[er, ì, ai]	1
[ū, ie]	[ū, iẽ]	1
[un, i, a]	[ùn, i, a]	1
[u, ė, iu]	[u, ė́, iu]	2
[i, o, o, e]	[i, o, o, è]	1
[e, e, a]	[è, e, a]	2
[u, ė, u, e]	[u, ė́, u, e]	4
[y, ū, ų]	[y, ū̃, ų]	1
[a, ė, i, o]	[a, ė́, i, o]	1
[o, a, o]	[o, ã, o]	2
[aė, u, ią]	[aė̃, u, ią]	2
[ie, ur]	[iẽ, ur]	4
[ei, o, o]	[eĩ, o, o]	6
[ė, iau]	[ė́, iau]	4
[ai, ai]	[ái, ai]	3
[e, y, in]	[e, ý, in]	1
[y, iu]	[y, iù]	1
[u, ie]	[u, íe]	1
[y, e, a, e]	[y, ẽ, a, e]	2
[ar, y, i, i]	[ar, ý, i, i]	1
[e, a, i]	[e, a, ì]	4
[i, er, i, e]	[i, er̃, i, e]	3
[ei, i, e]	[éi, i, e]	4
[i, i, il, ė]	[i, i, ìl, ė]	2
[i, y, en, i]	[i, y, én, i]	3
[au, iau, iai]	[au, iáu, iai]	1
[a, o, o, o]	[ã, o, o, o]	1
[e, o, iam]	[e, õ, iam]	1
[a, ei, o]	[a, éi, o]	4
[y, a, a]	[y, ã, a]	1
[io, e, i, io]	[io, è, i, io]	1
[a, au, iu]	[a, áu, iu]	3
[iau, u]	[iau, ù]	1
[ai, y, i, e]	[ai, ý, i, e]	1
[a, ei, a]	[a, eĩ, a]	11
[e, io, ė]	[e, iõ, ė]	3
[u, i, u]	[u, ì, u]	1
[iau, ėn]	[iáu, ėn]	1
[ar, a, a]	[ar, a, à]	3
[al, u]	[ál, u]	1
[u, ū, o]	[u, ū́, o]	1
[a, y, in, i, e]	[a, ý, in, i, e]	1
[a, i, i, ą]	[a, ì, i, ą]	2
[ai, a, a]	[ai, a, à]	1
[au, ė, a]	[au, ė́, a]	1
[ė, ia, a]	[ė̃, ia, a]	1
[y, ą]	[ý, ą]	12
[al, ė, i]	[al, ė́, i]	11
[u, u, ė, į]	[u, u, ė̃, į]	1
[u, a, y, i]	[u, a, ý, i]	8
[u, au, o]	[u, áu, o]	2
[oe, ai]	[oè, ai]	1
[o, y, e]	[o, y, è]	2
[in, u, a]	[in, ù, a]	1
[i, u, ią]	[ì, u, ią]	1
[a, o, iu]	[ã, o, iu]	4
[in, e, e, ų]	[in, e, è, ų]	1
[ė, y, ai]	[ė́, y, ai]	1
[u, iau, i]	[u, iau, ì]	1
[u, e, į]	[ù, e, į]	6
[a, ė, iau]	[a, ė́, iau]	3
[a, ie, a, e]	[a, iẽ, a, e]	1
[en, ė, e]	[eñ, ė, e]	1
[u, er, a]	[ù, er, a]	1
[ei, a, au]	[eĩ, a, au]	1
[y, uo, ių]	[ỹ, uo, ių]	1
[u, au, y, ų]	[u, au, ý, ų]	1
[ur, i, u]	[ur̃, i, u]	1
[ė, ai, iu]	[ė, ai, iù]	1
[a, y, ių]	[a, ỹ, ių]	1
[on, ei, e, iai]	[on, eĩ, e, iai]	1
[au, iu]	[áu, iu]	3
[i, o, i, ių]	[i, o, ì, ių]	1
[į, ė, i, i]	[į́, ė, i, i]	1
[e, a, i, o]	[e, ã, i, o]	1
[u, ir, a]	[u, ìr, a]	2
[ei, an]	[eĩ, an]	1
[u, ė, au]	[u, ė́, au]	8
[e, ė, ė]	[e, ė, ė̃]	1
[iau, i, ių]	[iau, ì, ių]	1
[u, a, in, i]	[u, a, ìn, i]	3
[e, e, a]	[ẽ, e, a]	2
[e, a, ė, u, e]	[e, a, ė́, u, e]	1
[a, i, a, y]	[a, i, a, ý]	8
[i, i, ų]	[i, i, ų̃]	42
[i, i, e, i]	[i, ì, e, i]	2
[u, o, ė]	[u, ó, ė]	1
[u, y, o]	[u, ỹ, o]	1
[į, ai, ių]	[į, ai, ių̃]	1
[i, iau, iai]	[i, iáu, iai]	4
[į, a, ą]	[į́, a, ą]	1
[ū, y, a]	[ū̃, y, a]	3
[au, iau, iam]	[au, iáu, iam]	1
[a, ą]	[a, ą̃]	13
[u, i, uo, a]	[u, i, úo, a]	1
[ar, i, e, ė]	[ar, ì, e, ė]	1
[o, iai]	[ó, iai]	2
[ė, a, ą]	[ė́, a, ą]	1
[au, y, ę]	[au, ý, ę]	1
[e, u, i]	[ẽ, u, i]	1
[ur, ų]	[ur̃, ų]	2
[e, o, ė, ai]	[e, o, ė́, ai]	1
[o, io]	[o, iõ]	16
[ė, ia]	[ė̃, ia]	1
[a, iil, i]	[a, iìl, i]	1
[ei, o, e]	[ei, o, è]	1
[a, ai, ė]	[a, ái, ė]	5
[uo, in, i]	[uo, ìn, i]	1
[ė, ą]	[ė̃, ą]	5
[al, y]	[ál, y]	1
[e, a, en, in, a]	[e, a, én, in, a]	1
[o, iu, ą]	[o, iù, ą]	1
[i, ū, į]	[ì, ū, į]	1
[o, ie, iau]	[õ, ie, iau]	1
[a, ei, i, ą]	[a, ei, ì, ą]	1
[i, o, ų]	[i, õ, ų]	1
[u, u, i, io]	[u, u, ì, io]	2
[au]	[aũ]	113
[ur, uo, iai]	[ur, uõ, iai]	2
[e, au, y]	[e, áu, y]	1
[ė, i]	[ė, ì]	5
[a, a, o, e]	[a, ã, o, e]	6
[a, y, ą]	[a, ỹ, ą]	4
[un, u, ai]	[un, ù, ai]	1
[a, a, y, ų]	[a, a, ý, ų]	3
[a, e, ų]	[a, e, ų̃]	4
[a, i, a, ei]	[a, i, a, eĩ]	3
[u, ę]	[ù, ę]	17
[an, o]	[an, õ]	1
[aau, i, i, ą]	[aáu, i, i, ą]	1
[a, e, uo, a]	[a, e, úo, a]	1
[ū, iuo, i]	[ū, iúo, i]	1
[on, a, a]	[on, ã, a]	1
[ai, ių]	[ái, ių]	1
[a, ar]	[a, ar̃]	22
[eu, i]	[eu, ì]	1
[e, a, a, ė, e]	[e, a, ã, ė, e]	1
[ei, en, ia]	[ei, én, ia]	1
[ua, ai]	[uã, ai]	1
[y, ui]	[ý, ui]	1
[e, e, ą]	[ẽ, e, ą]	5
[u, ai, i, i, u]	[u, ai, ì, i, u]	1
[iuo, i]	[iuo, ì]	1
[ei, ir]	[ei, ir̃]	1
[e, io, a]	[e, ió, a]	1
[o, i, o, e]	[o, i, o, è]	1
[a, o, in]	[a, o, iñ]	1
[u, a, u, e]	[u, ã, u, e]	1
[e, ar, a]	[è, ar, a]	1
[i, iau]	[i, iaũ]	4
[ie, ia]	[íe, ia]	1
[iim, iu]	[iim̃, iu]	1
[au, i, į]	[áu, i, į]	7
[ir, a, ie, į]	[ir, ã, ie, į]	2
[e, e, iu]	[è, e, iu]	1
[e, ų]	[e, ų̃]	12
[im, o]	[im̃, o]	2
[a, ė, i]	[a, ė, ì]	21
[al, au]	[al, aũ]	1
[a, a, ia, o]	[a, a, iã, o]	3
[i, i, i, ė]	[i, i, ì, ė]	1
[a, e, in, a]	[a, ẽ, in, a]	1
[ū, e]	[ū, è]	1
[il, a, e, i]	[il, a, ẽ, i]	2
[a, i, i, a]	[a, i, ì, a]	1
[ar, uo, u, ė, e]	[ar, uo, ù, ė, e]	3
[a, o, in, i]	[a, õ, in, i]	1
[a, a, in, i]	[a, a, ìn, i]	6
[a, o, ų]	[a, ò, ų]	3
[an, a]	[án, a]	3
[al, ė, au]	[al, ė́, au]	2
[i, ie]	[ì, ie]	3
[en, e, i]	[en, e, ì]	1
[ą, un, o]	[ą́, un, o]	1
[am, ia, e]	[am, ia, è]	1
[a, i, er]	[a, i, ér]	1
[iū, o]	[iū́, o]	1
[a, il, i]	[a, il, ì]	1
[i, al, i]	[i, al, ì]	1
[ė, e]	[ė, è]	12
[il, ė, o]	[il, ė́, o]	2
[a, ė, i]	[a, ė́, i]	2
[er, a, y, i]	[ér, a, y, i]	2
[y, e, iu]	[y, e, iù]	1
[a, a, ie, ė]	[a, a, iẽ, ė]	4
[y, e, ai]	[y, e, aĩ]	1
[e, a, o]	[e, ã, o]	6
[y, y, o, o]	[ý, y, o, o]	1
[i, au, y, i]	[i, au, ý, i]	1
[a, e, a, i, o]	[a, e, ã, i, o]	2
[e, io, ę]	[e, iõ, ę]	6
[o, i, ą]	[ó, i, ą]	10
[e, i, iai]	[e, ì, iai]	1
[i, y, i]	[i, ỹ, i]	1
[o, e, ę]	[o, ẽ, ę]	3
[e, en, ė]	[è, en, ė]	1
[u, iuo, e]	[u, iuo, è]	1
[i, i, o]	[ì, i, o]	3
[u, ar, ė]	[u, ar̃, ė]	1
[il, a]	[il̃, a]	5
[į, i, y, i]	[į, i, ý, i]	1
[e, o, i, ių]	[e, ó, i, ių]	1
[e, a, ir]	[e, a, ir̃]	5
[uor, a, i, a, o, e]	[uor, a, i, ã, o, e]	1
[i, e, i]	[ì, e, i]	12
[o, ėl]	[o, ė̃l]	53
[i, er]	[i, ér]	1
[o, ą]	[õ, ą]	7
[uo, i, ą]	[úo, i, ą]	1
[ė, u]	[ė́, u]	28
[ai, io, i, o]	[ái, io, i, o]	1
[e, iau, i]	[e, iáu, i]	6
[o, o]	[ò, o]	35
[ie, au, i]	[ie, áu, i]	1
[į, ar, i, o]	[į, ár, i, o]	1
[ė, a, o]	[ė́, a, o]	2
[ai, a, o]	[ai, ã, o]	4
[y, e, i, e]	[y, ẽ, i, e]	5
[u, a, a, i, e]	[u, a, a, i, è]	1
[au, iu]	[aũ, iu]	2
[į, i, y, ė, ę]	[į, i, y, ė́, ę]	2
[a, o, i, i, u]	[a, o, ì, i, u]	1
[ur, o]	[ur̃, o]	1
[a, a, ių]	[a, ã, ių]	2
[ir, ė, ai]	[ir, ė́, ai]	5
[u, ie, ie, i]	[u, ie, iẽ, i]	1
[au, u, a]	[au, ù, a]	1
[al, ie, ė]	[ál, ie, ė]	3
[ė, u, i]	[ė, ù, i]	5
[a, i, in, o]	[a, i, iñ, o]	1
[i, er, iu]	[i, er̃, iu]	1
[ė, e, y, e]	[ė́, e, y, e]	1
[i, ė, ė]	[i, ė̃, ė]	1
[e, a, i, o, ė]	[e, a, i, ó, ė]	2
[į, y, ių]	[į́, y, ių]	1
[a, a, y]	[a, a, ý]	11
[ur, ą]	[ùr, ą]	2
[e, a, ir, iu]	[e, a, ir̃, iu]	2
[uo, in, ai]	[uo, ìn, ai]	1
[an, e]	[án, e]	5
[i, ę, o]	[i, ę́, o]	1
[ie, io, iai]	[ie, ió, iai]	1
[an, y, ė]	[an, ý, ė]	2
[i, i, ę]	[i, ì, ę]	3
[u, i, y, ę]	[u, i, ý, ę]	1
[a, a, y, ai]	[a, ã, y, ai]	2
[a, e, ė, o]	[a, e, ė́, o]	2
[ie, o, ų]	[ie, ó, ų]	1
[a, a, y, i]	[a, a, ý, i]	54
[ie, o]	[ie, ó]	1
[o, e, y]	[ó, e, y]	5
[aei, ą]	[àei, ą]	7
[u, i, or, a]	[u, i, òr, a]	1
[u, ie, io]	[ù, ie, io]	6
[a, e, ua, ai]	[a, e, uã, ai]	1
[e, i, o, iau]	[e, i, ó, iau]	1
[e, i, a]	[e, ì, a]	1
[i, y, u]	[i, ỹ, u]	1
[a, iau]	[a, iaũ]	51
[uo, a, ū]	[uo, ã, ū]	1
[ar, iau, i]	[ar, iáu, i]	1
[o, i, ai]	[ò, i, ai]	1
[iū, ė]	[iū, ė́]	5
[a, io]	[ã, io]	13
[u, ir, ę]	[u, ir̃, ę]	1
[a, ei, ą]	[a, eĩ, ą]	2
[a, ei]	[ã, ei]	4
[u, i, a, au]	[u, i, a, aũ]	3
[o, u, ia, u]	[o, u, ia, ù]	1
[a, ią]	[ã, ią]	12
[u, e, i, o]	[u, e, ì, o]	3
[e, uo, ie]	[e, uõ, ie]	1
[ie, i, u]	[iẽ, i, u]	1
[i, o, a, o]	[i, o, ã, o]	1
[o, u, en, u]	[o, u, en, ù]	3
[e, ei, u]	[e, ei, ù]	1
[o, ū, u]	[o, ū, ù]	2
[ir, ė, au]	[ir, ė́, au]	9
[au, a, e]	[au, a, è]	1
[y, e, i, a]	[y, ẽ, i, a]	15
[u, i, a, i, au]	[u, i, a, i, aũ]	1
[a, ei, a, a, o]	[a, ei, a, ã, o]	1
[au, o, o, i, y, e]	[au, o, o, ì, y, e]	2
[il, i]	[il, ì]	2
[a, ei, ų]	[a, éi, ų]	2
[a, an, y, o]	[a, añ, y, o]	1
[e, a, ei]	[e, a, eĩ]	1
[e, e, ai]	[e, e, aĩ]	6
[a, i, a, ą]	[a, i, ã, ą]	1
[ei, ė, o]	[ei, ė́, o]	9
[a, ei, ū, a]	[a, ei, ū̃, a]	1
[e, o, ė, au]	[e, o, ė́, au]	4
[a, a, in, a]	[a, a, ìn, a]	4
[e, u, ai, iuo, a, a]	[e, u, ai, iúo, a, a]	1
[e, ė, a, į]	[e, ė́, a, į]	1
[ii, u]	[ìi, u]	1
[en, ą]	[eñ, ą]	1
[a, i, i, i]	[a, i, ì, i]	3
[a, iū, ė]	[a, iū, ė́]	8
[a, y, ė]	[a, ý, ė]	1
[al, a]	[al̃, a]	7
[a, o, y, i]	[a, ó, y, i]	9
[a, a, i, au]	[a, a, i, aũ]	3
[ei, ė, ų]	[ei, ė́, ų]	1
[ei, ą]	[eĩ, ą]	13
[i, a, i, ių]	[i, a, ì, ių]	1
[u, y, iam]	[ù, y, iam]	1
[e, a, į, a]	[e, a, į́, a]	2
[an, i]	[án, i]	1
[ar, o]	[ár, o]	20
[ar, a, o]	[ar, ã, o]	12
[o, i, a]	[o, ì, a]	1
[u, i, u, ė]	[u, i, ù, ė]	1
[ė]	[ė̃]	20
[o, ė, ie, i, a]	[o, ė, iẽ, i, a]	1
[al, ė, a, ie, i]	[al, ė́, a, ie, i]	1
[e, e, ė]	[e, ẽ, ė]	3
[er, i, uo, i]	[er̃, i, uo, i]	1
[a, ė, a]	[a, ė́, a]	2
[i, e, ė]	[i, è, ė]	3
[a, iū, y, o]	[a, iū́, y, o]	1
[į, i, ai, uo]	[į, i, ai, úo]	1
[a, i, ė, i]	[a, i, ė̃, i]	1
[e, y, i]	[e, y, ì]	1
[į, o, iau, i]	[į, o, iáu, i]	1
[u, i, a]	[ù, i, a]	10
[y, ą]	[ỹ, ą]	62
[i, el, ė, o]	[i, él, ė, o]	2
[uo, ai]	[uo, aĩ]	1
[im, a, ie, io]	[im, ã, ie, io]	1
[ė, io, o]	[ė, ió, o]	1
[i, ei, o, e]	[i, éi, o, e]	1
[e, a, a, o]	[e, a, ã, o]	2
[a, ė, ai]	[a, ė, aĩ]	2
[e, i, e, ia]	[e, ì, e, ia]	1
[e, a, ė, uo, iau]	[e, a, ė, uo, iaũ]	1
[i, e, iau]	[ì, e, iau]	1
[al, an, ių, ų]	[al̃, an, ių, ų]	1
[uo, e, iu]	[uo, e, iù]	1
[ė, io]	[ė̃, io]	5
[in, or, uo, a]	[in, or, úo, a]	1
[ur, o]	[ùr, o]	1
[ė, ai]	[ė, aĩ]	11
[e, a, į, a, i]	[e, a, į́, a, i]	1
[a, y]	[a, ý]	7
[i, a, au]	[i, a, aũ]	1
[e, iau, iau]	[e, iáu, iau]	1
[ai, a, ų]	[ai, ã, ų]	1
[u, io, e]	[u, io, è]	1
[a, an, o]	[a, an, õ]	6
[a, a, iuo]	[a, a, iuõ]	3
[u]	[ù]	498
[er, ai, y]	[ér, ai, y]	2
[u, en, ų]	[u, eñ, ų]	2
[u, ė, iau]	[u, ė́, iau]	8
[e, o, i, o, e]	[e, o, i, o, è]	1
[ą, y, a]	[ą́, y, a]	1
[e, iū, i]	[e, iū̃, i]	2
[a, i, ė, ė]	[a, ì, ė, ė]	3
[o, e, a]	[o, e, à]	4
[a, iun, ė]	[à, iun, ė]	1
[o, ė, ių]	[ó, ė, ių]	2
[iu, y, o, a]	[iù, y, o, a]	2
[ū, i]	[ū, ì]	53
[ar, u, en, o]	[ar, u, eñ, o]	1
[u, i, il]	[u, i, il̃]	1
[u, i, ū, o, e]	[u, i, ū́, o, e]	1
[am, i, o]	[am̃, i, o]	2
[e, ie, a]	[e, íe, a]	1
[ė, u, a]	[ė, ù, a]	6
[e, y, e, iu]	[e, ý, e, iu]	1
[u, ur, i]	[u, ur, ì]	3
[aau, y]	[aau, ỹ]	1
[om, iu, e, ių]	[om, iù, e, ių]	2
[e, o]	[ẽ, o]	16
[u, i, e, iau]	[u, ì, e, iau]	1
[a, ė, ę]	[a, ė̃, ę]	2
[u, i, i, i, ą]	[u, i, i, ì, ą]	1
[ir, ū, ę]	[ir, ū́, ę]	2
[eu, o, ą]	[eu, ò, ą]	2
[e, an, ū]	[e, añ, ū]	1
[a, o, au, a]	[a, o, áu, a]	1
[om, iu, e, io]	[om, iù, e, io]	2
[y, u, iai]	[y, u, iaĩ]	2
[a, au, o, iu]	[a, áu, o, iu]	1
[a, ei, iau]	[a, éi, iau]	1
[io, e]	[io, è]	15
[au, ė, y, į]	[au, ė́, y, į]	1
[a, o, in]	[a, õ, in]	5
[e, e, i, ę]	[e, e, ì, ę]	1
[e, u, an, i]	[e, u, an, ì]	1
[il, a]	[ìl, a]	28
[ar, o, a]	[ar, ó, a]	1
[uo, i]	[úo, i]	2
[e, a, i, i, e]	[e, a, ì, i, e]	1
[y, e, i]	[y, è, i]	6
[eu, in]	[eu, ìn]	1
[ė, iu]	[ė, iù]	2
[e, a, i, ą]	[e, ã, i, ą]	5
[i, e, iai]	[ì, e, iai]	2
[e, i, ū, in]	[e, i, ū́, in]	1
[i, i, ą]	[ì, i, ą]	6
[ė, a]	[ė́, a]	107
[a, an, i]	[a, án, i]	9
[au, i, a]	[au, ì, a]	6
[ur, a, i, a]	[ur, a, ì, a]	3
[an, i, a]	[án, i, a]	1
[o, a, ą]	[o, ã, ą]	2
[a, u]	[a, ù]	43
[en]	[eñ]	25
[au, i, i]	[au, i, ì]	1
[un, iai]	[uñ, iai]	4
[ą]	[ą̃]	195
[y]	[ý]	7
[u, io, i]	[u, io, ì]	1
[a, a, y, ą]	[a, a, ý, ą]	1
[o, a]	[ó, a]	41
[a, o, u, e]	[a, õ, u, e]	7
[o, ių]	[o, ių̃]	52
[a, i, y, au]	[a, i, ý, au]	1
[a, a, y, a]	[a, a, ý, a]	4
[ou]	[òu]	1
[ui, iai]	[uĩ, iai]	4
[ė, ę]	[ė̃, ę]	16
[au, in, o]	[au, ìn, o]	1
[au, o, u, a]	[au, o, ù, a]	2
[au, o, o, i]	[au, ó, o, i]	1
[a, ū, i, y]	[a, ū, i, ỹ]	1
[a, am, i, a]	[a, am̃, i, a]	1
[o, o, a, o]	[o, o, ã, o]	1
[eį, i, ė, i, ai]	[eį, i, ė́, i, ai]	2
[ei, en, ia, a]	[ei, én, ia, a]	1
[u, ar]	[ù, ar]	1
[ė, am]	[ė, ám]	3
[o, u, ai]	[o, ù, ai]	1
[ie, a, ė, e]	[ie, ã, ė, e]	1
[u, ia]	[u, ià]	6
[o, ę]	[õ, ę]	1
[ei, o]	[eĩ, o]	3
[e, ū, i, ai]	[e, ū, i, aĩ]	1
[e, e, i, a]	[e, è, i, a]	1
[au, ie, a]	[au, íe, a]	6
[iū, ė, i]	[iū, ė́, i]	5
[i, in, o, e]	[i, iñ, o, e]	1
[a, a, u]	[a, a, ù]	3
[i, i, ą]	[i, ì, ą]	5
[a, a, iau]	[a, a, iaũ]	39
[er, i, en, ė]	[ér, i, en, ė]	1
[an, a, e]	[añ, a, e]	1
[a, y, ų]	[a, ỹ, ų]	3
[ai, y, e]	[ai, y, è]	1
[a, in, a]	[ã, in, a]	1
[ui, a]	[ùi, a]	1
[al, a, i]	[al, a, ì]	2
[a, au, u]	[à, au, u]	1
[el, e, a]	[el̃, e, a]	1
[e, u, an, a]	[e, u, añ, a]	3
[io, i]	[io, ì]	3
[ė, ių]	[ė̃, ių]	1
[al, u, y, u]	[al, u, ý, u]	1
[e, ai, ų]	[e, aĩ, ų]	1
[a, i, e]	[à, i, e]	1
[il, e]	[ìl, e]	1
[il, iuo, i]	[il, iúo, i]	2
[a, o, ą]	[ã, o, ą]	3
[ie, ia, e]	[iẽ, ia, e]	1
[i, uo, e, ė]	[i, úo, e, ė]	1
[o, iu]	[ó, iu]	59
[i, iem]	[i, íem]	2
[a, a, a]	[à, a, a]	3
[iau, au]	[iáu, au]	1
[e, u, ė]	[e, u, ė̃]	1
[y, e, i]	[y, e, ì]	4
[e, io, u]	[e, ió, u]	1
[a, an, o]	[ã, an, o]	5
[e, o, o, i, a]	[e, o, ò, i, a]	1
[y, u, o, e]	[y, u, o, è]	1
[au, o, i]	[au, õ, i]	1
[a, e, į]	[ã, e, į]	1
[iei]	[ieĩ]	1
[a, o, i, ą]	[a, ò, i, ą]	6
[a, i, o, e]	[ã, i, o, e]	2
[ie, a, e]	[iẽ, a, e]	1
[u, ii, i, ė, i]	[u, ii, i, ė́, i]	1
[ir, ė, o, e]	[ir, ė́, o, e]	1
[er, ai, iau]	[ér, ai, iau]	3
[a, e, o]	[a, ẽ, o]	2
[au, o, i]	[áu, o, i]	3
[e, e, ia]	[è, e, ia]	3
[i, an, i, e]	[i, án, i, e]	1
[e, iau, an]	[e, iáu, an]	1
[au, iau]	[au, iaũ]	25
[ę, ia, i]	[ę̃, ia, i]	1
[en, e, iu]	[eñ, e, iu]	1
[ie, ai]	[íe, ai]	4
[in, ų]	[in, ų̃]	3
[u, au, iu]	[u, áu, iu]	2
[a, i, ie, i, i]	[a, i, iẽ, i, i]	1
[e, a, ie, io]	[e, ã, ie, io]	5
[a, a, ių]	[a, a, ių̃]	1
[y, ė, a, i]	[y, ė́, a, i]	1
[ar, o, i, ė]	[ar, ò, i, ė]	1
[ie, ią]	[iẽ, ią]	2
[a, ie, i, io]	[a, ie, ì, io]	1
[ai, e, o, i]	[ai, ẽ, o, i]	1
[a, an, e]	[a, án, e]	1
[u, i, uo, a, a]	[u, i, úo, a, a]	1
[y, e, i, ą]	[y, ẽ, i, ą]	7
[ą, un, ą]	[ą́, un, ą]	2
[a, a, ė, y, e]	[a, a, ė̃, y, e]	1
[u, i, e, a]	[u, ì, e, a]	2
[uo, i, a]	[uo, ì, a]	1
[e, a, į, u]	[e, a, į́, u]	1
[e, o, i]	[e, ó, i]	19
[o, o]	[o, ó]	1
[o, e, ų]	[o, è, ų]	8
[an, ū, i, a]	[an, ū, i, à]	2
[o, i, o]	[ó, i, o]	1
[u, ū, u, io]	[u, ū́, u, io]	1
[e, o, ė, o, e]	[e, o, ė́, o, e]	1
[a, y, ė]	[a, y, ė́]	1
[a, am, i, au]	[a, am̃, i, au]	1
[a, en, o]	[a, eñ, o]	1
[ei, a, ai]	[ei, ã, ai]	3
[an, i, ai]	[án, i, ai]	10
[i, i, a, u]	[i, i, a, ù]	1
[u, am, o]	[u, am̃, o]	1
[ei, ą]	[éi, ą]	4
[u, ė, in, ą]	[u, ė, ìn, ą]	1
[o, e, i]	[ó, e, i]	17
[ar, o, i]	[ar, ó, i]	1
[o, au]	[ó, au]	1
[ie, i, in, ui]	[íe, i, in, ui]	1
[ai, y]	[ai, ỹ]	1
[ie, ia, i]	[iẽ, ia, i]	1
[e, i, au, a]	[e, i, áu, a]	1
[u, y, io, i]	[u, y, ió, i]	1
[am, a, y]	[am, a, ỹ]	10
[a, i, il, ė]	[a, i, ìl, ė]	1
[ie, a, i]	[ie, à, i]	1
[uo, a]	[úo, a]	15
[ar, e, i]	[ar, ẽ, i]	1
[e, io, ie, i]	[e, ió, ie, i]	1
[u, e, io]	[ù, e, io]	1
[a, i, o, ė]	[a, i, ó, ė]	2
[ė, i]	[ė́, i]	17
[o, y]	[o, ỹ]	1
[e, an, į]	[ẽ, an, į]	1
[uo]	[uõ]	132
[al, ė, o, ė]	[al, ė́, o, ė]	1
[uo, ia, i]	[uõ, ia, i]	2
[o, i]	[ó, i]	63
[ą, in]	[ą, ìn]	1
[im, y, o]	[im̃, y, o]	1
[a, i, ie, i, u]	[a, i, iẽ, i, u]	1
[e, ia]	[e, ià]	6
[u, a, an, io]	[ù, a, an, io]	1
[e, a, ū]	[e, ã, ū]	1
[ai, ia, e]	[aĩ, ia, e]	3
[y, ų]	[ỹ, ų]	10
[uo, a, i]	[uo, a, ì]	4
[a, a, y, iau]	[a, a, ý, iau]	1
[au, ia, i]	[aũ, ia, i]	2
[en, ų]	[eñ, ų]	2
[e, i, i, ė, o]	[e, i, i, ė́, o]	1
[į, ar, in, o, a]	[į, ár, in, o, a]	1
[en, o]	[eñ, o]	3
[a, i, u]	[a, i, ù]	1
[a, i, ė, ė]	[a, i, ė́, ė]	1
[e, a, y, i, e]	[e, a, ý, i, e]	2
[am, u]	[am, ù]	3
[ū, an, iu]	[ū́, an, iu]	1
[iū, ų]	[iū́, ų]	1
[a, y, ė, i]	[a, y, ė́, i]	3
[an, y, e, į, į]	[an, y, è, į, į]	1
[ė, iai]	[ė, iaĩ]	1
[a, in, i]	[ã, in, i]	1
[un, u, am]	[un, ù, am]	1
[a, a, i, o]	[a, a, ì, o]	13
[er, iu, u]	[er, iu, ù]	2
[i, o, e, ų]	[i, o, è, ų]	2
[a, io, e]	[a, io, è]	2
[ai, ių]	[ai, ių̃]	3
[ū, u, i]	[ū, u, ì]	3
[er, ia, ą]	[er̃, ia, ą]	1
[ar, o, e]	[ar, ó, e]	2
[a, an, a, ai]	[a, añ, a, ai]	13
[a, iu, i, ai]	[a, iù, i, ai]	1
[ą, iu, i, ių]	[ą́, iu, i, ių]	1
[a, e, o]	[à, e, o]	1
[u, i, ę]	[u, ì, ę]	3
[il, i]	[il̃, i]	1
[ir, i, i]	[ir, i, ì]	2
[il, ai]	[il, aĩ]	7
[u, i, o, ė, ę]	[u, i, o, ė́, ę]	1
[u, i, a, ė, o]	[u, i, a, ė́, o]	1
[e, iau, a]	[e, iáu, a]	3
[ė, i, u]	[ė, i, ù]	1
[ė, u, y, e]	[ė, ù, y, e]	2
[a, e, i, ie, ių]	[a, e, i, iẽ, ių]	1
[en, a, ie, į]	[en, ã, ie, į]	1
[u, uo, į]	[ù, uo, į]	1
[o, e]	[ó, e]	5
[o, ą]	[ò, ą]	23
[ie, i, a]	[iẽ, i, a]	1
[i, e, ių]	[i, e, ių̃]	3
[er, al, i]	[ér, al, i]	1
[u, e, ei]	[ù, e, ei]	1
[į, un]	[į, ùn]	3
[a, uo, a]	[a, úo, a]	1
[e, i, e, ė]	[e, ì, e, ė]	1
[ū, i, į]	[ū́, i, į]	1
[i, y, u]	[i, ý, u]	6
[i, ė, ų]	[i, ė́, ų]	1
[e, ar, iai]	[e, ar̃, iai]	1
[a, al, ę]	[a, ál, ę]	1
[o, i, u]	[õ, i, u]	1
[u, i, ir, au]	[u, i, ir, aũ]	8
[i, i, o]	[i, ì, o]	9
[i, e, i]	[i, è, i]	4
[e, au, ė]	[e, aũ, ė]	1
[a, iū, ė, i, e]	[a, iū, ė́, i, e]	3
[ar, ą]	[ár, ą]	17
[am, ą]	[am̃, ą]	2
[e, o, a]	[e, ó, a]	9
[e, o, ą]	[e, ò, ą]	1
[i, a, y, ą]	[i, ã, y, ą]	1
[i, ie]	[i, iẽ]	2
[į, an, iai]	[į́, an, iai]	1
[ai, ė, e]	[aĩ, ė, e]	3
[e, ū, a]	[e, ū̃, a]	1
[an, i]	[an, ì]	14
[a, ui]	[ã, ui]	2
[i, ė, o]	[i, ė̃, o]	12
[e, e, o, o]	[e, e, ò, o]	4
[a, i, i, i]	[a, ì, i, i]	1
[er, a, ė]	[ér, a, ė]	3
[an, ai]	[án, ai]	2
[ai, i]	[aĩ, i]	11
[u, a, i]	[ù, a, i]	3
[au, iau, ia]	[au, iáu, ia]	4
[au, o, o, i, ių]	[au, o, o, ì, ių]	1
[a, o, o]	[ã, o, o]	1
[au, o, o, i, io]	[au, o, o, ì, io]	12
[au, u, a]	[au, u, à]	7
[ai, a, iai]	[aĩ, a, iai]	1
[y, iuo, i]	[y, iúo, i]	1
[ie, a, a]	[ie, a, à]	51
[or, a]	[or, à]	1
[a, an, ą]	[ã, an, ą]	11
[e, o, ė, o]	[e, o, ė́, o]	9
[a, o, i, au]	[a, õ, i, au]	1
[en, i, o]	[én, i, o]	1
[an, e, į]	[an, ẽ, į]	3
[er, ių]	[er̃, ių]	1
[a, a, o, i, a]	[ã, a, o, i, a]	2
[a, i, u, e]	[ã, i, u, e]	1
[e, y, e, a]	[e, y, ẽ, a]	2
[a, ul, ė]	[a, ul̃, ė]	2
[ai, uo, ė]	[ai, uõ, ė]	1
[o, y, o]	[o, ý, o]	2
[i, un]	[i, ùn]	1
[a, e, o, en, uo, i]	[a, e, o, en, úo, i]	1
[a, al, i, o]	[a, ál, i, o]	2
[o, e, io, a, iu]	[o, e, io, a, iù]	1
[e, i, o, a, i]	[e, i, ó, a, i]	1
[or, a, u]	[or, a, ù]	1
[a, i, ių]	[a, i, ių̃]	5
[ai, y, ie]	[ai, ý, ie]	1
[e, u, io]	[ẽ, u, io]	1
[al, ių]	[ál, ių]	1
[ė, ė]	[ė, ė̃]	25
[ie, u, į]	[iẽ, u, į]	2
[u, i, o, e]	[ù, i, o, e]	5
[i, e, i]	[i, e, ì]	3
[a, y, ą]	[ã, y, ą]	2
[eu, o, o]	[eu, ò, o]	3
[in, er, e, i, ia, e]	[in, er, è, i, ia, e]	1
[e, i, io]	[e, ì, io]	8
[u, i, ir, o]	[u, i, ir̃, o]	7
[a, e, au]	[a, e, aũ]	1
[a, iū, ė, o]	[a, iū, ė́, o]	4
[aei, a]	[aeĩ, a]	1
[au, in, u, e]	[au, in, u, è]	1
[o, uo, y]	[o, uo, ỹ]	2
[o, o, i, a, i, a]	[o, o, i, ã, i, a]	1
[i, ė]	[i, ė́]	1
[e, am, a]	[è, am, a]	1
[i, ių]	[i, ių̃]	1
[il, u]	[il, ù]	3
[i, a, y, iu]	[i, a, ý, iu]	1
[e, u, i, o, o]	[e, u, i, ó, o]	1
[e, er, i, ą]	[e, er̃, i, ą]	1
[a, a, ę]	[ã, a, ę]	1
[il, u]	[ìl, u]	5
[a, i, a, a]	[a, ì, a, a]	2
[un, e, i]	[un, è, i]	3
[y, i, ą]	[y, ì, ą]	1
[un]	[uñ]	6
[e, i, au, u]	[e, i, áu, u]	1
[o, ie]	[ó, ie]	1
[u, a, e]	[ù, a, e]	1
[ū, į]	[ū̃, į]	2
[i, ių, iu]	[i, ių̃, iu]	1
[a, i, au, o, o]	[a, i, au, ó, o]	1
[a, i, ė, iau]	[a, ì, ė, iau]	1
[uo]	[úo]	10
[a, an, i]	[a, añ, i]	1
[i, a, a]	[i, a, à]	39
[ul, a, i, o]	[ul, ã, i, o]	1
[ei, ia]	[ei, ià]	3
[o, y, o, i]	[ó, y, o, i]	1
[ir, e, ė, i]	[ìr, e, ė, i]	1
[e, au]	[e, aũ]	4
[in, er, e, i, ę]	[in, er, è, i, ę]	1
[o, o, e]	[ò, o, e]	7
[ū, ų]	[ū́, ų]	85
[ai]	[aĩ]	342
[u, u, io]	[u, ù, io]	1
[a, el, i, u]	[a, el, i, ù]	1
[a, i, ė]	[a, i, ė́]	2
[a, i, en, ę]	[a, i, eñ, ę]	1
[e, ei, in, a]	[e, ei, ìn, a]	1
[an, a, a, e]	[an, ã, a, e]	1
[a, a, iu, e]	[a, ã, iu, e]	1
[ar, i, in, a]	[ar, i, iñ, a]	1
[al, y, a, au]	[ál, y, a, au]	1
[a, ė, ė]	[a, ė́, ė]	7
[au, o]	[áu, o]	3
[a, a, a, i]	[a, ã, a, i]	3
[a, ū]	[ã, ū]	4
[a, o, u]	[a, ó, u]	1
[ė, o, i]	[ė, o, ì]	1
[a, y, i]	[a, y, ì]	3
[a, i, i, a]	[a, ì, i, a]	2
[y, o]	[ỹ, o]	12
[u, er, ė]	[ù, er, ė]	1
[e, i, a, į]	[e, i, ã, į]	1
[ir, ū, ė, e]	[ir, ū́, ė, e]	1
[ai, a]	[aĩ, a]	39
[a, ė]	[a, ė́]	7
[a, a, ę]	[a, ã, ę]	1
[a, i, a]	[à, i, a]	1
[e, y, ia]	[e, ý, ia]	1
[e, ū, i]	[e, ū̃, i]	3
[a, ių]	[a, ių̃]	17
[i, iu, iu]	[i, iu, iù]	1
[į, i, y, ė, o]	[į, i, y, ė́, o]	1
[ė, au]	[ė́, au]	1
[u, o, ė, au]	[u, o, ė́, au]	3
[i, i, a]	[i, i, à]	2
[e, a, i, i]	[e, a, ì, i]	1
[in, i, į]	[in, ì, į]	1
[i, ę, i]	[i, ę, ì]	3
[e, ei, ė]	[è, ei, ė]	2
[o, uo, io]	[ó, uo, io]	1
[o, an, ai]	[o, án, ai]	1
[er, iau]	[er, iaũ]	2
[el, o, a]	[el, ó, a]	3
[u, a, y, ą]	[u, ã, y, ą]	1
[in, i, ai]	[in, i, aĩ]	3
[i, iū, i]	[i, iū̃, i]	2
[o, y, o, u]	[ó, y, o, u]	3
[i, ei, au]	[i, éi, au]	1
[u, i, a, i, ai]	[u, i, a, i, aĩ]	3
[ę, a]	[ę̃, a]	1
[y, i]	[y, ì]	4
[u, a, y, iu]	[u, a, ý, iu]	1
[o, o, a]	[ò, o, a]	3
[an, a, o, e]	[an, a, o, è]	3
[or, ą]	[òr, ą]	3
[o, i, i]	[õ, i, i]	1
[ai, o]	[ai, õ]	5
[i, y, i]	[i, ý, i]	1
[a, e, o, a]	[a, e, ò, a]	1
[ai, io, a]	[ái, io, a]	1
[u, iu, a]	[u, iù, a]	1
[i, ė, o, i]	[i, ė́, o, i]	1
[a, am, i, ai]	[a, am̃, i, ai]	1
[e, u, i, e, in, um]	[e, u, i, ẽ, in, um]	1
[a, in]	[a, iñ]	12
[ų]	[ų̃]	20
[u, ie, y, e]	[ù, ie, y, e]	3
[i, ur, u]	[i, ùr, u]	1
[uo, e, į]	[uo, ẽ, į]	3
[a, a, iu, i]	[a, ã, iu, i]	2
[on, er, a]	[on, er̃, a]	2
[iau, i]	[iáu, i]	1
[a, y, e]	[a, y, è]	6
[i, i, i, ė]	[i, ì, i, ė]	1
[a, y, o]	[a, ỹ, o]	16
[a, o, y]	[a, ó, y]	2
[an, a]	[añ, a]	1
[al, o, e]	[ál, o, e]	4
[i, i, a, uo, i]	[i, i, a, úo, i]	1
[ai, ė, i]	[aĩ, ė, i]	9
[a, an, y, a, o]	[a, an, ý, a, o]	1
[ir, ie]	[ir, iẽ]	11
[e, a, i, i, ė]	[e, a, i, i, ė́]	1
[al, i, in, a]	[al, i, iñ, a]	1
[a, en, o]	[à, en, o]	1
[i, e, a, ū, o]	[i, e, a, ū̃, o]	1
[ai, iai]	[aĩ, iai]	3
[o, i, o, ai]	[o, i, ò, ai]	2
[i, a, i, o]	[i, ã, i, o]	2
[on, e, en, i, a]	[on, e, eñ, i, a]	1
[u, u, ą]	[ù, u, ą]	1
[a, u, i, į]	[a, u, ì, į]	3
[o, ai]	[ó, ai]	8
[a, u, i, iu]	[a, u, i, iù]	2
[im, e, i, ai]	[im, è, i, ai]	1
[a, ū, o]	[a, ū́, o]	1
[ie, a, ą, į]	[iẽ, a, ą, į]	1
[ei, ę]	[éi, ę]	7
[ei, a]	[ei, à]	14
[i, ai, y, i]	[i, ai, ý, i]	1
[a, an, a]	[a, añ, a]	1
[o, u]	[ó, u]	6
[y, ė, e]	[ý, ė, e]	2
[ū, o, e]	[ū́, o, e]	5
[ar, a]	[ar, à]	6
[i, o, i, a]	[i, ò, i, a]	2
[an, ū, i, o]	[an, ū, ì, o]	1
[e, e, u, i, e]	[e, e, ù, i, e]	2
[au, a, i, ą]	[au, ã, i, ą]	1
[au, į]	[aũ, į]	2
[ie, o, ė, i]	[íe, o, ė, i]	1
[a, ai, i]	[a, aĩ, i]	1
[ū, o]	[ū́, o]	6
[a, ė, au]	[a, ė́, au]	3
[i, ir, o]	[i, ir̃, o]	5
[au, ė, i]	[aũ, ė, i]	4
[y, e]	[y, è]	5
[ir, y, ą]	[ir, ỹ, ą]	1
[a, un, o, i]	[a, un, ó, i]	1
[in, i, ie, iu]	[in, i, iẽ, iu]	1
[i, ur, a, io]	[i, ùr, a, io]	1
[e, al, o]	[e, ál, o]	6
[a, ir, ie]	[a, ir, iẽ]	3
[a, i, ei, au, im]	[a, i, ei, áu, im]	1
[i, ė, ą]	[i, ė́, ą]	1
[u, io, ė]	[u, ió, ė]	2
[i, in, i]	[i, in, ì]	1
[a, i, iau, i]	[a, i, iáu, i]	2
[au, ai]	[au, aĩ]	21
[a, a, i, om]	[a, a, ì, om]	1
[al, ią]	[ál, ią]	1
[e, iim, iu]	[e, iim̃, iu]	1
[ie, e, ę]	[ie, ẽ, ę]	1
[o, e, y]	[o, e, ỹ]	3
[a, a, ė, į]	[a, a, ė̃, į]	4
[u, i, au, ei]	[u, ì, au, ei]	1
[a, uo, iu, u]	[a, uo, iu, ù]	1
[e, i, i, i, ė]	[e, i, ì, i, ė]	1
[o, y, ą]	[o, ý, ą]	6
[a, ų]	[ã, ų]	13
[ė, u, ė]	[ė, ù, ė]	1
[iau, i]	[iaũ, i]	1
[u, i, e]	[ù, i, e]	32
[ai, e]	[ái, e]	7
[a, ai, a, į]	[a, ái, a, į]	2
[er, u]	[er, ù]	3
[a, e, o]	[a, è, o]	2
[ie, io]	[ie, ió]	6
[u, al, y, i]	[u, ál, y, i]	2
[u, au, ė]	[u, aũ, ė]	2
[u, i, o, ų]	[u, i, ó, ų]	2
[u, ie, ų]	[u, iẽ, ų]	2
[į, o]	[į̃, o]	5
[en, ia]	[en, ià]	3
[en, i, ą]	[eñ, i, ą]	1
[a, o, o, au, i]	[a, o, o, áu, i]	1
[am, iu]	[am, iù]	3
[i, iuo, i]	[i, iúo, i]	6
[ie, o, e]	[íe, o, e]	2
[u, ė, o, e]	[u, ė́, o, e]	4
[a, i, o, y]	[a, i, ó, y]	1
[er, ą]	[er̃, ą]	2
[a, ai, o, a]	[a, ái, o, a]	1
[an, i, i]	[an, ì, i]	1
[a, ai, e]	[a, ái, e]	8
[a, iau, ia]	[a, iáu, ia]	5
[y, e, an, ių]	[y, ẽ, an, ių]	1
[e, i, i, o]	[e, ì, i, o]	1
[ar, ai]	[ar̃, ai]	10
[a, ei, ia, e]	[a, éi, ia, e]	1
[a, al, in, a]	[a, ál, in, a]	1
[e, ar, u]	[e, ar, ù]	2
[in, er, e, a]	[in, er, è, a]	1
[al, i]	[al̃, i]	1
[ei, e, i]	[eĩ, e, i]	1
[e, u, ę]	[e, ù, ę]	4
[a, au, ė]	[à, au, ė]	1
[a, y, i, e]	[a, ỹ, i, e]	2
[o, ie, ių]	[õ, ie, ių]	1
[am]	[ám]	64
[au, ų]	[au, ų̃]	23
[a, i, ir, i]	[a, i, ir̃, i]	1
[an, o, ę]	[añ, o, ę]	4
[iau, i, i]	[iau, ì, i]	1
[ir, i]	[ir̃, i]	3
[an, y, a]	[añ, y, a]	2
[a, i, io]	[ã, i, io]	1
[a, ė, iu]	[a, ė́, iu]	4
[a, o, ai]	[a, ó, ai]	1
[ai, ian, į]	[aĩ, ian, į]	1
[o, i, a]	[õ, i, a]	1
[u, y, ė]	[u, ý, ė]	1
[ar, ų]	[ár, ų]	1
[e, o, ų]	[e, ò, ų]	1
[o, i, in, a]	[õ, i, in, a]	1
[uo, an, ią]	[úo, an, ią]	1
[e, a, au, iu, i]	[e, a, aũ, iu, i]	1
[u, i, y, au]	[u, i, y, aũ]	1
[e, e, ų]	[e, e, ų̃]	7
[a, ie]	[a, iẽ]	67
[o, iai]	[õ, iai]	5
[i, ir, o, e]	[i, ir̃, o, e]	1
[ei]	[éi]	44
[a, o, in, i]	[a, o, ìn, i]	3
[ai, a]	[ái, a]	6
[a, i, a, o]	[a, i, ã, o]	1
[a, iū, y, ui]	[a, iū́, y, ui]	1
[o, e, ą]	[o, è, ą]	9
[o, ė, o, e]	[o, ė́, o, e]	1
[į, i, ai, i, o]	[į, i, aĩ, i, o]	1
[a, u, i, ė]	[a, u, ì, ė]	2
[u, i, i]	[ù, i, i]	1
[u, a]	[u, à]	27
[i, ar, i]	[i, ar, ì]	1
[a, ir, i]	[a, ir, ì]	3
[i, io, i]	[i, ió, i]	3
[i, y, an]	[i, ỹ, an]	1
[a, i, a, iau]	[a, ì, a, iau]	1
[a, ei, ė, ių]	[a, ei, ė̃, ių]	2
[i, o, i, o, i]	[i, ò, i, o, i]	1
[ie, u]	[íe, u]	3
[e, e, al, o, e]	[e, e, ál, o, e]	1
[ū, ei, i]	[ū, eĩ, i]	2
[e, a, ė, au]	[e, a, ė́, au]	5
[u, ai, in, a]	[u, ai, ìn, a]	1
[o, u, ą]	[ò, u, ą]	2
[u, ir, o, e]	[u, ir̃, o, e]	1
[ie, o, a]	[íe, o, a]	1
[er, o, a, ai]	[er, o, ã, ai]	1
[ar, en, ė]	[ar̃, en, ė]	1
[u, a, o, i]	[u, a, ó, i]	1
[u, ė, i]	[u, ė́, i]	9
[an, ū, i, ą]	[an, ū, ì, ą]	1
[i, ei, iu]	[i, eĩ, iu]	1
[a, i, a, ai, uo, i]	[a, i, a, ai, úo, i]	1
[ė, u]	[ė, ù]	6
[a, iū, y, ą]	[a, iū́, y, ą]	1
[iau, ė, iu]	[iáu, ė, iu]	1
[e, a, an, a]	[e, a, añ, a]	2
[a, io]	[a, iõ]	3
[a, a, ė, o]	[a, a, ė́, o]	3
[y, a, in, a]	[y, a, ìn, a]	1
[i, ą, į]	[ì, ą, į]	1
[e, ai, ė, e]	[e, aĩ, ė, e]	1
[ir, i]	[ir, ì]	25
[o, a, o, a]	[o, a, ó, a]	1
[e, ai, io]	[e, ái, io]	1
[eė, a]	[eė́, a]	1
[a, i]	[a, ì]	93
[e, uo]	[e, uõ]	7
[i, ie, iu]	[i, iẽ, iu]	1
[o, y, ą]	[o, ỹ, ą]	35
[e, ė, iau]	[e, ė́, iau]	1
[ie, ė, o]	[ie, ė́, o]	1
[au, am]	[au, ám]	1
[a, i, i, ė, i]	[a, i, i, ė́, i]	2
[ė, u, ai]	[ė, ù, ai]	1
[u, iė, ė]	[u, ìė, ė]	1
[a, u, iai]	[a, ù, iai]	2
[ei, ę]	[eĩ, ę]	1
[ei, io]	[eĩ, io]	1
[e, er, i, o]	[e, er̃, i, o]	5
[iau, u]	[iáu, u]	2
[or, ų]	[òr, ų]	1
[ie, o, o]	[ie, ó, o]	5
[i, io, io]	[i, iõ, io]	1
[o, i, in, ą]	[ó, i, in, ą]	1
[u, ių, i]	[u, ių, ì]	1
[or, o]	[òr, o]	1
[į, ai, ia]	[į, ai, ià]	1
[a, ių, u]	[à, ių, u]	1
[i, o, y, iu]	[i, ó, y, iu]	1
[į, i, ai, in, i]	[į, i, aĩ, in, i]	2
[u, au, y, i]	[u, áu, y, i]	1
[ea, y, i, o]	[ea, y, ì, o]	2
[o, o, i, a]	[o, ò, i, a]	1
[e, i, en, iu]	[e, i, en, iù]	1
[a, o, i, o]	[a, ò, i, o]	4
[ė, ia]	[ė́, ia]	2
[e, yn]	[e, ỹn]	4
[a, o, i, ų]	[a, ò, i, ų]	1
[a, a, e]	[a, a, è]	13
[o, ia]	[ó, ia]	5
[ar, uo, u, ę]	[ar, uo, ù, ę]	2
[au, o, a, i, ai]	[au, o, ã, i, ai]	1
[ai, uo, o, o]	[ai, úo, o, o]	1
[u, iai]	[ù, iai]	2
[a, o]	[à, o]	725
[al, an, į]	[al̃, an, į]	1
[i, e, e]	[ì, e, e]	1
[y, e, a]	[y, ẽ, a]	24
[ui, ią]	[uĩ, ią]	1
[a, i, a, y, e]	[a, ì, a, y, e]	1
[ir, in, o]	[ir, ìn, o]	1
[iur, į]	[iur̃, į]	1
[ur]	[ur̃]	52
[e, ū, y, i, e]	[e, ū, ý, i, e]	1
[u, e, in, i]	[u, e, ìn, i]	1
[am, a, io]	[am̃, a, io]	8
[u, į, i]	[u, į, ì]	2
[o, o, a, ą]	[o, o, ã, ą]	2
[i, a]	[ì, a]	28
[au]	[áu]	99
[ul, ių]	[ùl, ių]	5
[a, e, a]	[a, e, à]	2
[ą, a, a]	[ą́, a, a]	1
[a, ė, im]	[a, ė́, im]	1
[a, ia, a]	[ã, ia, a]	2
[i, y, iau]	[i, ý, iau]	3
[u, al, ei]	[u, ál, ei]	1
[e, ar, i]	[e, ar̃, i]	1
[aai, i, a]	[aái, i, a]	1
[iau, ia, i]	[iaũ, ia, i]	1
[a, iai]	[a, iaĩ]	9
[i, o, i, ė]	[i, ó, i, ė]	5
[a, e]	[a, è]	113
[į, o, a]	[į, ó, a]	1
[u, ai, y, i]	[u, ai, ý, i]	4
[u, au, i, e]	[u, áu, i, e]	1
[iu, or, e]	[iu, òr, e]	1
[ar, i, e, a]	[ar, i, è, a]	2
[uo, ai, ą]	[úo, ai, ą]	1
[a, o, in, a]	[a, o, ìn, a]	10
[a, ai, uo, i]	[a, ai, úo, i]	1
[e, o, o]	[e, ò, o]	3
[al, o, au]	[al, ó, au]	3
[al, ie, e]	[ál, ie, e]	1
[ar, y, ė]	[ar, ỹ, ė]	1
[u, au, iau]	[u, au, iaũ]	1
[e, io, a, ą, į]	[e, ió, a, ą, į]	1
[or, e, ą]	[or, è, ą]	1
[a, i, i]	[a, ì, i]	1
[a, i, iai]	[a, i, iaĩ]	5
[i, y, a]	[i, ỹ, a]	1
[ei, o, i]	[éi, o, i]	2
[y, a, ė]	[y, ã, ė]	1
[i, u, i]	[ì, u, i]	2
[u, iū, i, o]	[u, iū̃, i, o]	1
[i, ią, ą]	[ì, ią, ą]	1
[eu, i, a]	[eù, i, a]	1
[u, o, ė, ai]	[u, o, ė́, ai]	1
[iun, i, į]	[iuñ, i, į]	1
[a, a, i]	[a, a, ì]	1
[i, e, a]	[ì, e, a]	3
[u, u, ę]	[u, ù, ę]	1
[e, a]	[e, à]	17
[i, o, um]	[i, ó, um]	1
[er, ian]	[er̃, ian]	1
[au, iu]	[au, iù]	3
[e, ai, ę]	[e, aĩ, ę]	1
[y, en, a, a]	[y, én, a, a]	1
[u, u, u, i]	[ù, u, u, i]	1
[u, e, ė]	[u, ẽ, ė]	4
[er, iu, ą]	[er, iù, ą]	3
[au, io, au]	[áu, io, au]	1
[a, el, i, ai]	[a, el, ì, ai]	3
[e, u, iu]	[e, u, iù]	29
[ė, uo]	[ė́, uo]	2
[o, y, o, a]	[ó, y, o, a]	24
[u, ė, a]	[u, ė́, a]	1
[iu, ė]	[iù, ė]	1
[ar, i, an, iu]	[ár, i, an, iu]	1
[e, a, y, a, o]	[e, a, y, ã, o]	1
[in, i, a]	[ìn, i, a]	1
[a, i, y, e]	[a, i, y, è]	2
[au, o, ai]	[au, ó, ai]	1
[a, a, ą]	[a, ã, ą]	3
[ū, ė]	[ū̃, ė]	2
[al, u, a]	[al, ù, a]	1
[e, e, y, e, a]	[e, e, y, ẽ, a]	1
[e, ei, o]	[e, éi, o]	3
[e, u, a, o]	[e, u, ã, o]	1
[i, iai]	[i, iaĩ]	2
[u, am, ė, o]	[u, am, ė́, o]	1
[ie, io]	[iẽ, io]	1
[a, y, o, a]	[a, ý, o, a]	4
[o, i, ai]	[o, ì, ai]	1
[ul, a]	[ul, à]	1
[o, ol, a]	[ò, ol, a]	1
[a, o, a, ė]	[a, o, ã, ė]	1
[an, uo, į]	[añ, uo, į]	1
